,0,1,2,3,4
fb8fcf5e-3e68-45cb-b480-0857de2e5c8d,"ML STRATEGIES, LLC","AMONIX, INC.",,2011-07-12T16:20:21.033000-04:00,2011
27e07b59-46ed-4a71-a9ad-dd1d079c5b78,"AMERICAN DEFENSE INTERNATIONAL, INC.","JOULE UNLIMITED, INC.",,2011-07-20T17:23:11.277000-04:00,2011
da7bada5-b058-4d5d-81cb-f5697d81e297,WHEAT GOVERNMENT RELATIONS,SUNTECH AMERICA,,2011-12-05T14:12:35-05:00,2011
e6aec4d5-fc52-44b5-a443-849ce8f9bd05,HOLLAND & KNIGHT LLP,"UTILITY SCALE SOLAR, INC.",,2012-01-09T10:59:11-05:00,2012
c9f8addd-9d31-4ad8-bfb0-96264fadb6d6,HOLLAND & KNIGHT LLP,"UTILITY SCALE SOLAR, INC.",,2013-05-08T08:03:40.417000-04:00,2013
1d07b17e-f3ff-4215-85ca-242d3555a16a,"THE LIVINGSTON GROUP, LLC","SOITEC SOLAR, INC",,2013-05-15T17:57:27.797000-04:00,2013
e2253d91-d727-4663-96a9-1e194049eac9,"MADDOX STRATEGIES, LLC",LIVINGSTON GROUP (ON BEHALF OF SOITEC),,2013-05-15T23:57:25.077000-04:00,2013
c7215739-188f-4ed0-9d40-17c46f3460c8,"STRATEGIC PARTNERS, INC.","THE LIVINGSTON GROUP (ON BEHALF OF SOITEC SOLAR, INC)",,2013-05-15T23:57:25.013000-04:00,2013
28210715-5b66-48a6-b81f-d048fc6bcee8,J M BURKMAN & ASSOCIATES,ADVANCED I 3 ENERGY,,2013-05-16T18:00:01.827000-04:00,2013
8d1a31ce-9acf-4148-b21d-df46979b14e5,"COHEN & GRIGSBY, P.C.",CONCEPT BY US CORPORATION,,2015-02-20T14:15:29-05:00,2015
db941537-0c39-4907-a184-eb08ebf1366d,"COHEN & GRIGSBY, P.C.",CONCEPT BY US CORPORATION,,2015-07-20T07:41:47-04:00,2015
7ea659ac-50a4-4988-8b6e-38a3eaed7a05,"WHITMER & WORRALL, LLC",BYD MOTORS INC.,,2017-10-02T09:17:47-04:00,2017
0488e0bc-8bf4-469a-9a95-51129ea763ae,LOT SIXTEEN LLC,CYPRESS CREEK RENEWABLES LLC,,2018-02-12T22:45:09-05:00,2018
7b190d93-6c9b-4fac-9f45-5565b55efdfc,LOT SIXTEEN LLC,CLEARWAY ENERGY GROUP,,2018-09-24T12:00:10-04:00,2018
d6307bf3-542b-46e3-b2c8-b7eea9b2a90a,S-3 GROUP,REC AMERICAS LLC,,2018-10-22T15:46:05-04:00,2018
6ad1e8ef-8408-4fd4-93ec-cb3525a0e7e2,"BOYAGIAN CONSULTING, LLC",EIGUREN ELLIS PUBLIC POLICY ON BEHALF OF GREENBRIAR CAPITOL CORP,,2018-10-22T16:24:51-04:00,2018
d4284dd9-ddd6-4505-aa4a-b2baa6c6061d,OWEN EVANS INGOLS,CITY OF SAN FRANCISCO (WATER AND POWER DIVISION),,2019-02-07T15:49:15-05:00,2019
12a7e18d-1ca7-403e-9207-e6c769206806,BROOKFIELD RENEWABLE ENERGY MARKETING US LLC,BROOKFIELD RENEWABLE ENERGY MARKETING US LLC,,2019-02-18T15:30:30-05:00,2019
196eea28-1acd-4906-8e3c-f8f8b2b43551,LOT SIXTEEN LLC,"PINE GATE RENEWABLES, LLC",,2020-02-11T17:43:04-05:00,2020
dc54ab09-29cf-40cd-92f3-8273e44fff3e,BROOKFIELD POWER US ASSET MANAGEMENT LLC,BROOKFIELD POWER US ASSET MANAGEMENT LLC,,2020-04-17T12:08:12.440000-04:00,2020
6c2dd414-b913-44e0-8c22-099873e23bc7,S-3 GROUP,REC AMERICAS LLC,,2020-05-28T16:59:26-04:00,2018
2aa0e7a6-a944-4e3c-8d15-c4c91bc44c01,"ML STRATEGIES, LLC",NEW ENTERPRISE ASSOCIATES,,2011-01-18T13:45:40.990000-05:00,2010
08049a01-ca59-4e5c-bf6d-eeca22cbf0d5,"CORNERSTONE GOVERNMENT AFFAIRS, INC.",OUTPOST SOLAR,,2011-01-18T15:48:59.710000-05:00,2010
9b52747b-bd5d-43e0-bcef-34690b65ec57,"ML STRATEGIES, LLC",BABCOCK & WILCOX COMPANY,,2011-01-19T10:21:33.067000-05:00,2010
eefde28a-ea0f-4451-b08b-975229617d77,"ML STRATEGIES, LLC",APCO WORLDWIDE (DOW CORNING),,2011-01-19T10:49:41.833000-05:00,2010
3d883351-0d4c-42eb-be90-f1d84a01a83b,"PPG INDUSTRIES, INC","PPG INDUSTRIES, INC",253183.48,2011-01-19T15:00:50.817000-05:00,2010
f2c10b8f-6c3e-4e27-b284-47897ef29ffc,"VAN HEUVELEN STRATEGIES, LLC","FIRST SOLAR, INC.",,2011-01-19T14:58:36.973000-05:00,2010
734211f3-615f-4135-9c3b-409629599a0d,"VAN HEUVELEN STRATEGIES, LLC",NANOSOLAR,,2011-01-19T15:04:21.207000-05:00,2010
3d5b0559-b703-4661-a8d1-3940c15b6c00,SOLARCITY,SOLARCITY,30000.00,2011-01-19T15:45:03.267000-05:00,2010
3cb5ee0b-e304-42ed-959d-b61f4f2a3ab9,"MARCUS G. FAUST, PC",LAS VEGAS VALLEY WATER DISTRICT,,2011-01-19T17:00:33.313000-05:00,2010
8b0b4a28-02ec-4a4b-9b66-2043c08fbb28,THE NATURE CONSERVANCY,NATURE CONSERVANCY,450000.00,2011-01-19T17:38:54.297000-05:00,2010
645f2384-4b54-4407-ad18-fa2dff9812f4,THOMPSON CONSULTING GROUP,INFINIA,,2011-01-19T18:29:36.233000-05:00,2010
26c770cb-f047-40ed-8464-5cf1e7cc8a10,UNIVERSITY OF HOUSTON SYSTEM,UNIVERSITY OF HOUSTON SYSTEM,30000.00,2011-01-20T10:08:59.860000-05:00,2010
688be03f-425d-462f-8492-079b18c740b1,"LEWIS-BURKE ASSOCIATES, LLC",UNIVERSITY OF HOUSTON SYSTEM,,2011-01-20T10:54:32.780000-05:00,2010
98b696a5-81b9-4701-a058-e966b7273327,"JONES WALKER, LLP",HISTORIC RESTORATION INC,,2011-01-20T11:43:23.797000-05:00,2010
4656d2ab-ad57-44e7-a72d-a514d63a2dc2,"K&L GATES, LLP","AGC AMERICA, INC. F/K/A KNOWN AS AGC FLAT GLASS NORTH AMRICA",,2011-01-20T12:27:47.653000-05:00,2010
413d20cc-e18a-49b0-ba94-e764135563bd,"K&L GATES, LLP",INFINIA CORPORATION,,2011-01-20T12:48:55.653000-05:00,2010
dc8dd53c-8867-4f7a-adc3-841417919ea9,NATIONAL GRID USA,NATIONAL GRID USA,960000.00,2011-01-20T14:26:51.233000-05:00,2010
54a6dae9-ece1-486a-a679-371bb541e5f8,"FRANKLIN SQUARE GROUP, LLC",APPLIED MATERIALS INC,,2011-01-20T14:38:31.290000-05:00,2010
db53e3b8-91cf-4c65-af9f-4903a09ad09b,THE UNIVERSITY OF NORTH CAROLINA SYSTEM,THE UNIVERSITY OF NORTH CAROLINA SYSTEM,120000.00,2011-01-20T15:08:02.413000-05:00,2010
6d4fdd24-3eaa-48e8-b8b9-509b647cfbfb,"KEARNEY, DONOVAN & MCGEE",NATIONAL GRID,,2011-01-20T15:19:04.070000-05:00,2010
19ee4531-f431-496b-ad47-c34b1f038160,MASSACHUSETTS INSTITUTE OF TECHNOLOGY,MASSACHUSETTS INSTITUTE OF TECHNOLOGY,54202.00,2011-01-20T15:55:41.460000-05:00,2010
2a2e1832-58b5-4cc4-89ab-5842f5914900,ALSTOM TRANSPORTATION INC.,ALSTOM TRANSPORTATION INC,410000.00,2011-01-20T15:55:49.350000-05:00,2010
46f383da-e471-4a39-85d2-e04084e243b4,DOW LOHNES GOVERNMENT STRATEGIES LLC,ELECTRIC POWER SUPPLY ASSOCIATION,,2011-01-20T16:44:46.177000-05:00,2010
c22d884b-7d9c-437e-b64a-fdbdda2d8b47,DOW LOHNES GOVERNMENT STRATEGIES LLC,TENASKA INC,,2011-01-20T16:50:57.740000-05:00,2010
0321d6fb-b0e5-4d76-8aa8-6b6e3617376a,DOW LOHNES GOVERNMENT STRATEGIES LLC,NATIONAL GRID USA,,2011-01-20T16:52:23.693000-05:00,2010
69b2c44e-d8d4-45d4-ac54-fd0d15767cb1,NORTH CAROLINA STATE UNIVERSITY,NORTH CAROLINA STATE UNIVERSITY,30000.00,2011-01-20T17:06:50.427000-05:00,2010
69b2c44e-d8d4-45d4-ac54-fd0d15767cb1,NORTH CAROLINA STATE UNIVERSITY,NORTH CAROLINA STATE UNIVERSITY,30000.00,2011-01-20T17:06:50.427000-05:00,2010
a48e9fbe-f4e6-48a3-98e8-4c0d9193373a,SC PARTNERS LLC,NTR PLC,,2011-01-20T17:13:28.367000-05:00,2010
2004adae-772e-4207-9cd8-9c6708b14cfc,SC PARTNERS LLC,STIRLING ENERGY SYSTEMS,,2011-01-20T17:18:45.567000-05:00,2010
35eb78d3-03b5-412b-ae8a-0ad8f4353e94,SEMPRA ENERGY,SEMPRA ENERGY,220000.00,2011-01-20T18:47:31.550000-05:00,2010
4fd8aee9-885f-48ff-a860-651ea3eac788,"BWX TECHNOLOGIES, INC.",BWX TECHNOLOGIES INC,230000.00,2011-01-20T19:03:12.673000-05:00,2010
283b8cae-7a17-4f2a-9cdb-43d01e1683bf,"NEXTERA ENERGY, INC.",NEXTERA ENERGY INC,1140000.00,2011-01-20T19:57:12.907000-05:00,2010
66ff2409-530b-43c3-b19b-71965f3d45ea,CAPITOL COUNSEL LLC,XCEL ENERGY,,2011-01-21T13:48:37.240000-05:00,2010
5eaf64d5-a797-4119-ae34-7119a9adad00,TAS,TAS,,2011-01-28T23:35:50.593000-05:00,2010
59514918-a0ff-4922-8b7b-044d53c4d589,LOCKHEED MARTIN CORPORATION,LOCKHEED MARTIN CORPORATION,3020000.00,2011-02-11T15:50:07.057000-05:00,2010
516c1e62-08ad-4a4e-91fd-0f6e3b6afaab,LOCKHEED MARTIN CORPORATION,LOCKHEED MARTIN CORPORATION,3210000.00,2011-02-11T15:41:04.493000-05:00,2010
474b88fc-2088-481d-84ea-3c21352b9c6f,"WATER STRATEGIES, LLC",DESERT WATER AGENCY,,2011-02-16T07:07:55.250000-05:00,2010
2694bc90-1994-4767-9696-7d7db4b3b9ed,"WATER STRATEGIES, LLC",DESERT WATER AGENCY,,2011-02-16T07:08:07.077000-05:00,2010
1f2b4df2-7db9-4a93-9169-27e8c4d0be9a,"ML STRATEGIES, LLC",NEW ENTERPRISE ASSOCIATES,,2011-04-15T10:49:14.577000-04:00,2010
4ae3181f-a5b8-4986-9384-b77dd67ad67f,"K&L GATES, LLP",INFINIA CORPORATION,,2011-04-18T10:24:52.700000-04:00,2011
5935e976-a6ee-46af-bbf9-517c0e5a057d,THE UNIVERSITY OF NORTH CAROLINA SYSTEM,THE UNIVERSITY OF NORTH CAROLINA SYSTEM,123554.00,2011-04-18T14:34:34.560000-04:00,2011
f8a28422-023c-4078-b083-13d2333f12cc,"CAPITOL CITY GROUP, LTD.",CAPE WIND ASSOCIATES LLC,,2011-04-19T14:02:20.837000-04:00,2011
e2b2c0f3-1415-4ea5-9e9c-962a56eaa4e1,"THE LIVINGSTON GROUP, LLC","INTERCULTURE, INC.",,2011-04-19T14:50:50.400000-04:00,2011
e6b30f33-88c3-4a39-8a88-d693e83da4ca,"CAPITOL CITY GROUP, LTD.",ORMAZABAL,,2011-04-19T15:35:59.163000-04:00,2011
15fa6902-9059-42fd-9094-5af31591b4fb,"STRATEGIC PARTNERS, INC.",THE LIVINGSTON GROUP (ON BEHALF OF INTERCULTURE/SOITEC),,2011-04-20T08:43:24.297000-04:00,2011
092508d2-1306-4cd7-8039-a9078c63df68,NORTH CAROLINA STATE UNIVERSITY,NORTH CAROLINA STATE UNIVERSITY,60000.00,2011-04-20T11:56:58.553000-04:00,2011
1998cf71-c02b-4aba-b29d-9833e0f4c4e4,THOMPSON CONSULTING GROUP,INFINIA,,2011-04-20T14:37:45.193000-04:00,2011
b1571ff7-f697-4334-af84-c12ba6b02239,CAPITOL COUNSEL LLC,XCEL ENERGY,,2011-04-20T16:56:15.050000-04:00,2011
1fce74bc-6ee3-4c44-b2c2-fb3b22674886,"KEARNEY, DONOVAN & MCGEE",NATIONAL GRID,,2011-04-20T17:27:59.023000-04:00,2011
ae060b0c-1d86-4301-b988-4622cc096f60,MASSACHUSETTS INSTITUTE OF TECHNOLOGY,MASSACHUSETTS INSTITUTE OF TECHNOLOGY,51766.00,2011-04-21T14:11:02.530000-04:00,2010
2449dbf3-553f-4cea-9a3d-918ba944c54f,SOLAR ENERGY INDUSTRIES ASSOCIATION,SOLAR ENERGY INDUSTRIES ASSOCIATION,315000.00,2011-04-26T11:11:34.613000-04:00,2010
0b66b3c0-e592-4ac6-ac4c-696f386ccc9d,CHAMBER OF COMMERCE OF THE U.S.A.,CHAMBER OF COMMERCE OF THE U.S.A.,25120000.00,2011-05-04T14:58:34.643000-04:00,2010
5a30a015-bb42-40e8-8bd6-6969800612b3,"WATER STRATEGIES, LLC",DESERT WATER AGENCY,,2011-05-05T07:07:06.203000-04:00,2011
f87eda28-174c-44ba-9037-a1fe0657c4eb,"STRATEGIC PARTNERS, INC.",THE LIVINGSTON GROUP (ON BEHALF OF INTERCULTURE/SOITEC),,2011-07-01T17:06:32.093000-04:00,2011
caebb041-b9b9-49f3-83ad-8130328fc568,"ML STRATEGIES, LLC",BABCOCK & WILCOX COMPANY,,2011-07-15T15:28:30.387000-04:00,2011
5a3d476a-4138-4088-837a-7d31600b6064,"ML STRATEGIES, LLC","AMONIX, INC.",,2011-07-15T15:29:34.840000-04:00,2011
6bdbeed3-32bc-45d2-b828-1ee5dd7f863c,"THE LIVINGSTON GROUP, LLC","INTERCULTURE, INC.",,2011-07-15T17:26:23.540000-04:00,2011
e598b355-c6fa-43df-9898-2a6bce90fcbd,"ML STRATEGIES, LLC","AMONIX, INC.",,2011-07-18T08:45:42.697000-04:00,2011
a5260ccc-8586-464b-b62e-918088ab43ef,"KANNER & ASSOCIATES, LLC",NORTHERN CALIFORNIA POWER AGENCY,,2011-07-18T15:19:42.517000-04:00,2011
e3678f6f-2f45-4f54-9aad-7ba9730d790e,THOMPSON CONSULTING GROUP,INFINIA,,2011-07-19T13:46:03.383000-04:00,2011
25857326-3d0d-4bf9-b64f-1cc553abcfef,CAPITOL COUNSEL LLC,XCEL ENERGY,,2011-07-19T14:31:44.857000-04:00,2011
76ad897c-7f82-431b-8428-75cc99e7d0dc,SC PARTNERS LLC,NTR PLC,,2011-07-19T16:37:29.803000-04:00,2011
094d525e-3f89-4a42-a177-d4a69c0e2274,LEAGUE OF CONSERVATION VOTERS,LEAGUE OF CONSERVATION VOTERS,40000.00,2011-07-20T13:46:02.763000-04:00,2011
65c1880f-47e1-4efb-a804-287e7abe1100,"THE DOW CHEMICAL COMPANY, DBA DOW",DOW CHEMICAL COMPANY DBA DOW,1870000.00,2011-07-20T15:11:30.040000-04:00,2011
4ccabe56-0165-49c3-b17c-e600966d98b1,"PPG INDUSTRIES, INC","PPG INDUSTRIES, INC",212672.99,2011-07-20T15:24:37.197000-04:00,2011
65b32751-9106-44b5-8aca-46f1454074e6,NORTH CAROLINA STATE UNIVERSITY,NORTH CAROLINA STATE UNIVERSITY,30000.00,2011-07-20T15:25:56.073000-04:00,2011
65b32751-9106-44b5-8aca-46f1454074e6,NORTH CAROLINA STATE UNIVERSITY,NORTH CAROLINA STATE UNIVERSITY,30000.00,2011-07-20T15:25:56.073000-04:00,2011
be9aebe2-a73a-45a0-9f39-1a84a3d8b620,GENERAL ELECTRIC COMPANY (INCLUDING SUBSIDIARIES),GENERAL ELECTRIC COMPANY (INCLUDING SUBSIDIARIES),6770000.00,2011-07-20T16:22:36.570000-04:00,2011
b5dadd0b-04d8-4519-b28d-bd9f143f4d3c,"K&L GATES, LLP",INFINIA CORPORATION,,2011-07-20T19:22:33.653000-04:00,2011
69136cd7-44c1-42a6-abf5-0b62bc5914f3,THE UNIVERSITY OF NORTH CAROLINA SYSTEM,THE UNIVERSITY OF NORTH CAROLINA SYSTEM,123554.00,2011-07-21T14:13:54.907000-04:00,2011
5782a40b-4f1f-45a3-9dbc-3660e73b809a,EDISON INTERNATIONAL,EDISON INTERNATIONAL,425000.00,2011-07-25T10:38:42.870000-04:00,2011
8e5ba6cc-27f3-48f1-82e4-dfc24d91d472,"CANYON SNOW CONSULTING, LLC",ALTA DEVICES,,2011-07-27T10:41:52.810000-04:00,2011
9fbde269-061d-4299-a53b-c7d973e805db,"WATER STRATEGIES, LLC",DESERT WATER AGENCY,,2011-08-13T18:02:59.490000-04:00,2011
b04e8c5e-7741-4db0-bcb5-a75ac5ead0f1,"K&L GATES, LLP",INFINIA CORPORATION,,2011-10-13T15:18:04.560000-04:00,2011
b5c0d77c-cd03-430f-af81-e9df25df92bd,SEMPRA ENERGY,SEMPRA ENERGY,270000.00,2011-10-14T18:19:58.060000-04:00,2010
97b5f466-f1f6-4424-946e-ecfa8b9aeae8,"ML STRATEGIES, LLC","AMONIX, INC.",,2011-10-18T12:18:34.977000-04:00,2011
d203f803-8f34-43b0-accc-a3db1cae89bf,"STRATEGIC PARTNERS, INC.",THE LIVINGSTON GROUP (ON BEHALF OF INTERCULTURE/SOITEC),,2011-10-18T13:32:24.727000-04:00,2011
7ed06542-1a46-4a5f-a880-8e35e69f01d6,THE UNIVERSITY OF NORTH CAROLINA SYSTEM,THE UNIVERSITY OF NORTH CAROLINA SYSTEM,126950.42,2011-10-19T14:48:46.517000-04:00,2011
a623124b-7e5d-4a2a-b598-606ef925a504,"KANNER & ASSOCIATES, LLC",NORTHERN CALIFORNIA POWER AGENCY,,2011-10-19T16:16:09.047000-04:00,2011
75b80ccd-391a-4113-b228-7f52a91462de,"THE LIVINGSTON GROUP, LLC","INTERCULTURE, INC.",,2011-10-19T18:34:38.807000-04:00,2011
82173f1c-4a5b-4c34-a630-09eaeb57933b,"THE DOW CHEMICAL COMPANY, DBA DOW",DOW CHEMICAL COMPANY DBA DOW,1825000.00,2011-10-20T10:18:05.377000-04:00,2011
637416e7-479e-4ce1-aac0-105ca59313d6,"AMERICAN DEFENSE INTERNATIONAL, INC.","JOULE UNLIMITED, INC.",,2011-10-20T16:12:27.253000-04:00,2011
85e20eec-2217-44c5-8f9d-3f255585ff06,CAPITOL COUNSEL LLC,XCEL ENERGY,,2011-10-20T16:21:19.800000-04:00,2011
3ed37e33-67e3-44ed-b679-5cfd9997ff45,SIERRA CLUB,SIERRA CLUB,100000.00,2011-10-20T16:46:04.487000-04:00,2011
56308c4c-222e-4c7a-844c-7af19480e899,NATIONAL WILDLIFE FEDERATION,NATIONAL WILDLIFE FEDERATION,60000.00,2011-10-20T16:58:11.037000-04:00,2011
e915027c-0dbf-41dc-a444-10255af65924,GENERAL ELECTRIC COMPANY (INCLUDING SUBSIDIARIES),GENERAL ELECTRIC COMPANY (INCLUDING SUBSIDIARIES),5650000.00,2011-10-20T17:02:55.220000-04:00,2011
75c919e6-8fac-469c-b16a-fc52d4f3cefb,NORTH CAROLINA STATE UNIVERSITY,NORTH CAROLINA STATE UNIVERSITY,30000.00,2011-10-20T22:35:35.033000-04:00,2011
75c919e6-8fac-469c-b16a-fc52d4f3cefb,NORTH CAROLINA STATE UNIVERSITY,NORTH CAROLINA STATE UNIVERSITY,30000.00,2011-10-20T22:35:35.033000-04:00,2011
fd455007-720a-4146-9c4c-18f24d0b6621,THOMPSON CONSULTING GROUP,INFINIA,,2011-10-21T13:24:00.820000-04:00,2011
0b8b8a11-2627-4576-8792-ed7f30771662,"AVANGRID, INC.",AVANGRID INC,116000.00,2011-10-30T16:50:01.990000-04:00,2011
427b5e42-2324-4564-9250-e5a9573f225e,"WATER STRATEGIES, LLC",DESERT WATER AGENCY,,2011-11-11T07:06:47-05:00,2011
d31f1fd6-3d80-4506-b282-6e5503c4fc2b,CHAMBER OF COMMERCE OF THE U.S.A.,CHAMBER OF COMMERCE OF THE U.S.A.,71190000.00,2011-11-21T09:06:07-05:00,2009
6b966fd6-72da-4b8e-a24b-ad36c206df54,"CANYON SNOW CONSULTING, LLC",ALTA DEVICES,,2012-01-16T19:03:48-05:00,2011
7c8c005e-edcb-4a4b-86fe-fbbaea75f4e7,"STRATEGIC PARTNERS, INC.",THE LIVINGSTON GROUP (ON BEHALF OF INTERCULTURE/SOITEC),,2012-01-17T10:37:50-05:00,2011
9699714f-3ce1-4397-83f4-8e037fe0f529,THOMPSON CONSULTING GROUP,INFINIA,,2012-01-17T13:29:20-05:00,2011
195bc004-21c0-401c-975f-ee1cd4d52f66,"THE LIVINGSTON GROUP, LLC","INTERCULTURE, INC.",,2012-01-17T16:44:23-05:00,2011
7355c03f-9378-45bc-be9a-6377663a6c38,"AMERICAN DEFENSE INTERNATIONAL, INC.","JOULE UNLIMITED, INC.",,2012-01-18T17:43:28-05:00,2011
78afbf02-5d75-43c7-824d-c49a84f80d89,"ML STRATEGIES, LLC","AMONIX, INC.",,2012-01-19T11:49:09-05:00,2011
8cbf9fc4-0fdc-4c04-affd-bbd4cb0ce154,"ALPINE GROUP PARTNERS, LLC.",NRG ENERGY INC,,2012-01-19T16:02:39-05:00,2011
4ce46f13-51d0-4de5-8b1c-b731d36a24e1,"ML STRATEGIES, LLC",BABCOCK & WILCOX COMPANY,,2012-01-19T16:13:52-05:00,2011
aa4afc76-6208-4a5e-b81c-a80b9b590f53,"K&L GATES, LLP",INFINIA CORPORATION,,2012-01-19T16:43:42-05:00,2011
772f136d-ce8a-45f2-8b27-202c8c74860f,"THE DOW CHEMICAL COMPANY, DBA DOW",DOW CHEMICAL COMPANY DBA DOW,1370000.00,2012-01-20T08:56:26.763000-05:00,2011
a3f123fd-cb29-40d1-86d0-e4d775b3a342,CAPITOL COUNSEL LLC,XCEL ENERGY,,2012-01-20T10:40:51.793000-05:00,2011
4b4479c9-e302-43c2-abd4-59d9d9d9dc08,"KANNER & ASSOCIATES, LLC",NORTHERN CALIFORNIA POWER AGENCY,,2012-01-20T12:45:28.197000-05:00,2011
df96f415-2bb2-4352-a95a-5e1ab831599a,THE UNIVERSITY OF NORTH CAROLINA SYSTEM,THE UNIVERSITY OF NORTH CAROLINA SYSTEM,90000.00,2012-01-20T14:22:44.820000-05:00,2011
922e0cc0-1243-4bbb-9c48-8c0c70037814,NORTH CAROLINA STATE UNIVERSITY,NORTH CAROLINA STATE UNIVERSITY,30000.00,2012-01-20T14:28:32.850000-05:00,2011
9294f899-3e94-4a6a-bd6a-fe37e4a1421b,PANASONIC CORPORATION OF NORTH AMERICA (PNA),PANASONIC CORPORATION OF NORTH AMERICA (PNA),150000.00,2012-01-20T15:19:55.833000-05:00,2011
2467a309-f1ca-4149-857b-ea2e4948550f,SIERRA CLUB,SIERRA CLUB,180000.00,2012-01-20T17:16:48.520000-05:00,2011
a674ae10-3490-4ef9-b2ed-351a07adefb5,GENERAL ELECTRIC COMPANY (INCLUDING SUBSIDIARIES),GENERAL ELECTRIC COMPANY (INCLUDING SUBSIDIARIES),5330000.00,2012-01-20T17:21:28.613000-05:00,2011
69b2ab7b-fc9b-4644-af7f-cf749adaf694,"AVANGRID, INC.",AVANGRID INC,116000.00,2012-01-29T17:35:48.777000-05:00,2011
01fd8cf0-d0ed-4466-b0af-71f85d7e5344,"WATER STRATEGIES, LLC",DESERT WATER AGENCY,,2012-02-09T07:09:11.280000-05:00,2011
fd2b3146-a7a7-47f9-bef8-5b98f2df8b48,HOLLAND & KNIGHT LLP,"UTILITY SCALE SOLAR, INC.",,2012-04-03T12:59:38.993000-04:00,2012
ac73e3c1-9f7e-4af0-889e-dd539a97cd88,THOMPSON CONSULTING GROUP,INFINIA,,2012-04-12T13:50:14.163000-04:00,2012
5cd6867d-c672-4d74-b2e8-19a9aedc3447,"ALPINE GROUP PARTNERS, LLC.",NRG ENERGY INC,,2012-04-17T15:00:47.650000-04:00,2012
5cee2a0f-f58d-474e-b0b3-36fcb5283629,"ML STRATEGIES, LLC","AMONIX, INC.",,2012-04-18T12:16:55.250000-04:00,2012
2b1182f1-4db9-4512-96f5-d52b33aa72b8,"THE DOW CHEMICAL COMPANY, DBA DOW",DOW CHEMICAL COMPANY DBA DOW,2965000.00,2012-04-20T08:06:26.440000-04:00,2012
1c8a4b46-b458-4f71-b29f-93141079162c,"K&L GATES, LLP",INFINIA CORPORATION,,2012-04-20T12:40:33.883000-04:00,2012
e281723f-9e44-4e74-b291-523a00ea68e2,"KANNER & ASSOCIATES, LLC",NORTHERN CALIFORNIA POWER AGENCY,,2012-04-20T12:58:09.060000-04:00,2012
f79273b2-f4ba-420d-a4a9-328d0fbf363b,"THE LIVINGSTON GROUP, LLC","INTERCULTURE, INC.",,2012-04-20T14:02:41.867000-04:00,2012
4d4cdf9b-f10e-4f13-8e1f-de9a6c4ad93d,CAPITOL COUNSEL LLC,XCEL ENERGY,,2012-04-20T14:02:46.270000-04:00,2012
0337ea30-35c2-46dd-9146-78f06d5400b7,GENERAL ELECTRIC COMPANY (INCLUDING SUBSIDIARIES),GENERAL ELECTRIC COMPANY (INCLUDING SUBSIDIARIES),5470000.00,2012-04-20T16:03:07.587000-04:00,2012
93f4368e-10e6-4485-967c-5959a51d1503,PANASONIC CORPORATION OF NORTH AMERICA (PNA),PANASONIC CORPORATION OF NORTH AMERICA (PNA),90000.00,2012-04-20T16:15:36.323000-04:00,2012
e6b0c0b9-fb8f-423c-82d4-47d94a5d84b6,NORTH CAROLINA STATE UNIVERSITY,NORTH CAROLINA STATE UNIVERSITY,40000.00,2012-04-20T16:51:01.040000-04:00,2012
4554573a-36ea-4f92-b44b-20c3f476075d,"AVANGRID, INC.",AVANGRID INC,112000.00,2012-04-21T07:13:21.517000-04:00,2012
bdad2991-1f65-4c47-8ab1-a774a1f90ea8,INTERNATIONAL BUSINESS MACHINES CORPORATION (IBM),INTERNATIONAL BUSINESS MACHINES CORPORATION (IBM),1120000.00,2012-05-14T12:49:20.850000-04:00,2009
fc3a5377-1f9e-49d9-b894-653466745dcc,HOLLAND & KNIGHT LLP,"UTILITY SCALE SOLAR, INC.",,2012-07-11T10:41:21.807000-04:00,2012
df3e616e-60fb-4f22-8047-cedae9b6960c,"THE LIVINGSTON GROUP, LLC","INTERCULTURE, INC.",,2012-07-16T16:38:07.257000-04:00,2012
df3e616e-60fb-4f22-8047-cedae9b6960c,"THE LIVINGSTON GROUP, LLC","INTERCULTURE, INC.",,2012-07-16T16:38:07.257000-04:00,2012
c0ae5d79-2f10-426f-b75c-a5f20e3992bc,THOMPSON CONSULTING GROUP,INFINIA,,2012-07-17T16:14:18.760000-04:00,2012
3e37822b-8f8b-4a18-bb92-94a15826ebe0,"ALPINE GROUP PARTNERS, LLC.",NRG ENERGY INC,,2012-07-19T10:23:05.047000-04:00,2012
dd9148e1-de3b-484e-829e-991329de9e4f,"KANNER & ASSOCIATES, LLC",NORTHERN CALIFORNIA POWER AGENCY,,2012-07-19T15:32:24.040000-04:00,2012
801aa349-75e5-4729-b53d-21f25c61958e,NORTH CAROLINA STATE UNIVERSITY,NORTH CAROLINA STATE UNIVERSITY,30000.00,2012-07-20T11:22:28.823000-04:00,2012
65efd07c-7144-473f-89cd-2539d2fb0a50,"ENVIRONMENT AMERICA, INC.",ENVIRONMENT AMERICA INC,62131.49,2012-07-20T14:49:29.613000-04:00,2012
23aa9973-e049-4b10-8fbd-448c7443a061,GENERAL ELECTRIC COMPANY (INCLUDING SUBSIDIARIES),GENERAL ELECTRIC COMPANY (INCLUDING SUBSIDIARIES),4860000.00,2012-07-20T16:09:32.397000-04:00,2012
7b185249-462c-48ed-84b0-8fda7386fa08,PANASONIC CORPORATION OF NORTH AMERICA (PNA),PANASONIC CORPORATION OF NORTH AMERICA (PNA),80000.00,2012-07-20T16:30:33.293000-04:00,2012
59368328-1348-4ddb-998c-1794014e53dc,"K&L GATES, LLP",INFINIA CORPORATION,,2012-07-20T17:36:33.287000-04:00,2012
a8c78217-a019-4273-91f0-e7f7d0a4028f,CAPITOL COUNSEL LLC,XCEL ENERGY,,2012-07-20T19:27:19.667000-04:00,2012
e049ac95-2333-43b0-968c-eed12035230d,"AVANGRID, INC.",AVANGRID INC,112000.00,2012-07-23T14:43:39.767000-04:00,2012
29c075ff-3f82-4993-9719-d212fac20446,THOMPSON CONSULTING GROUP,INFINIA,,2012-10-16T12:36:02.270000-04:00,2012
68b22ea2-4a46-4c11-8526-1013de79cae5,OHIO MUNICIPAL ELECTRIC ASSOCIATION,OHIO MUNICIPAL ELECTRIC ASSOCIATION,75000.00,2012-10-16T14:44:13.493000-04:00,2012
9b9b7568-13fb-44b8-b71e-b499080919af,"KANNER & ASSOCIATES, LLC",AMERICAN MUNICIPAL POWER INC (FORMERLY OHIO MUNICIPAL ELECTRIC ASSOCIATION),,2012-10-18T15:24:14.697000-04:00,2012
66be8c80-d545-4363-9483-5af48d802249,"KANNER & ASSOCIATES, LLC",PUBLIC POWER COUNCIL,,2012-10-18T15:37:58.070000-04:00,2012
d3c90e85-504c-4bb4-9f20-84872e655e6d,"KANNER & ASSOCIATES, LLC",NORTHERN CALIFORNIA POWER AGENCY,,2012-10-18T15:51:36.927000-04:00,2012
c8d305b2-c9d7-4f71-80df-d7cbaafc5eb0,"KANNER & ASSOCIATES, LLC",MISSOURI RIVER ENERGY SERVICES,,2012-10-18T16:06:11.363000-04:00,2012
06772968-6f68-4b8c-9425-1dcfda3dd56d,"ALPINE GROUP PARTNERS, LLC.",NRG ENERGY INC,,2012-10-19T09:13:00.363000-04:00,2012
e905ed61-d5ac-4a2f-bc1c-7bc136cae948,"THE LIVINGSTON GROUP, LLC","INTERCULTURE, INC.",,2012-10-19T15:12:09.653000-04:00,2012
0ed33213-4bb9-4c45-a1b4-cd049e083853,ABENGOA SOLAR LLC,ABENGOA SOLAR LLC,70000.00,2012-10-22T14:18:26.733000-04:00,2012
d64a6b1b-4e0a-4517-88ea-c9e688d42542,"K&L GATES, LLP",INFINIA CORPORATION,,2012-10-22T14:51:07.120000-04:00,2012
a17721ac-f872-4ac3-ac1a-ee711fe849d7,PANASONIC CORPORATION OF NORTH AMERICA (PNA),PANASONIC CORPORATION OF NORTH AMERICA (PNA),70000.00,2012-10-22T16:00:41.910000-04:00,2012
f820e4bd-1233-4c40-951a-d07ea6e9c8a6,GENERAL ELECTRIC COMPANY (INCLUDING SUBSIDIARIES),GENERAL ELECTRIC COMPANY (INCLUDING SUBSIDIARIES),5280000.00,2012-10-22T16:19:09.890000-04:00,2012
b081f74f-6065-4efc-92d7-fc137321950e,GENERAL ELECTRIC COMPANY (INCLUDING SUBSIDIARIES),GENERAL ELECTRIC COMPANY (INCLUDING SUBSIDIARIES),3890000.00,2012-10-22T16:20:25.823000-04:00,2012
03ef923d-cf5a-4e03-9c68-fe7b7d3e33cc,CAPITOL COUNSEL LLC,XCEL ENERGY,,2012-10-22T18:34:24.537000-04:00,2012
a0b661e1-4a4b-49d1-80be-a25f30721a58,NORTH CAROLINA STATE UNIVERSITY,NORTH CAROLINA STATE UNIVERSITY,30000.00,2012-10-22T22:01:31.380000-04:00,2012
5afd1736-1f45-4098-8d10-bb5be8cc0d10,"AVANGRID, INC.",AVANGRID INC,112000.00,2012-10-26T10:21:20.783000-04:00,2012
ef527cd4-44d7-4717-8e18-dec5444ee820,"ALPINE GROUP PARTNERS, LLC.",NRG ENERGY INC,,2013-01-14T11:19:07.993000-05:00,2012
3550e9d6-a332-4f9d-886d-3c08a47ac90a,THOMPSON CONSULTING GROUP,INFINIA,,2013-01-18T14:19:35.280000-05:00,2012
ca7d050c-8591-49c9-9ff7-df3f0d8b3027,"THE LIVINGSTON GROUP, LLC","INTERCULTURE, INC.",,2013-01-18T15:56:30.487000-05:00,2012
75368ae4-91bd-4288-a69d-c56e80c50615,"KANNER & ASSOCIATES, LLC",AMERICAN MUNICIPAL POWER INC (FORMERLY OHIO MUNICIPAL ELECTRIC ASSOCIATION),,2013-01-18T16:12:03.923000-05:00,2012
78c8242c-9ed8-42f2-b758-b53462236ecc,"KANNER & ASSOCIATES, LLC",PUBLIC POWER COUNCIL,,2013-01-18T16:22:20.963000-05:00,2012
fc23fdfd-1d36-409b-bee2-f210eae3038e,"KANNER & ASSOCIATES, LLC",NORTHERN CALIFORNIA POWER AGENCY,,2013-01-18T16:34:13.520000-05:00,2012
4c37f885-fd9e-4bca-9145-597c82bb4db5,"KANNER & ASSOCIATES, LLC",MISSOURI RIVER ENERGY SERVICES,,2013-01-18T16:44:51.753000-05:00,2012
f81849aa-a401-484a-9f43-6df9820526ef,ABENGOA SOLAR LLC,ABENGOA SOLAR LLC,70000.00,2013-01-22T12:32:59.977000-05:00,2012
998fec7a-c07f-4283-9251-7d1f53129d27,"K&L GATES, LLP",INFINIA CORPORATION,,2013-01-22T13:55:48.223000-05:00,2012
fd79c74e-0ff5-4516-b992-a26bbb035770,GENERAL ELECTRIC COMPANY (INCLUDING SUBSIDIARIES),GENERAL ELECTRIC COMPANY (INCLUDING SUBSIDIARIES),4940000.00,2013-01-22T15:54:12.050000-05:00,2012
17d4cc60-6f6e-49c3-b601-3ca1b09fcfe9,PANASONIC CORPORATION OF NORTH AMERICA (PNA),PANASONIC CORPORATION OF NORTH AMERICA (PNA),70000.00,2013-01-22T16:22:52.367000-05:00,2012
35d063bc-f3a1-48dc-986b-7d02aa778486,CAPITOL COUNSEL LLC,XCEL ENERGY,,2013-01-22T17:49:14.787000-05:00,2012
4ccb6148-9e90-4e77-8bef-dbf6dec1e8ee,OHIO MUNICIPAL ELECTRIC ASSOCIATION,OHIO MUNICIPAL ELECTRIC ASSOCIATION,75000.00,2013-01-29T14:47:30.940000-05:00,2012
a7e1556d-f826-4448-a63c-182bf1b9b4db,"AVANGRID, INC.",AVANGRID INC,114000.00,2013-02-02T13:14:00.070000-05:00,2012
4a4b06ad-9a20-4bb2-a01c-e5b7a98dfbdd,"ALPINE GROUP PARTNERS, LLC.",NRG ENERGY INC,,2013-04-17T10:13:09.500000-04:00,2013
3c3de032-6b8f-4d84-bd75-15c3cf93c3f0,THOMPSON CONSULTING GROUP,INFINIA,,2013-04-19T12:18:17.427000-04:00,2013
34120e15-8840-4a53-9959-54eb13313600,"THE LIVINGSTON GROUP, LLC","INTERCULTURE, INC.",,2013-04-19T14:19:33.670000-04:00,2013
1fc2a1e2-9e6b-4a36-b00d-d5942fe06cc0,SOLAR ENERGY INDUSTRIES ASSOCIATION,SOLAR ENERGY INDUSTRIES ASSOCIATION,120000.00,2013-04-22T13:17:55.047000-04:00,2013
f470f4b0-3222-49a6-8b99-19a06ceed556,NORTH CAROLINA STATE UNIVERSITY,NORTH CAROLINA STATE UNIVERSITY,40000.00,2013-04-22T16:01:31.440000-04:00,2013
f38015b9-c9e1-4d20-a88c-dc9862186e23,GENERAL ELECTRIC COMPANY (INCLUDING SUBSIDIARIES),GENERAL ELECTRIC COMPANY (INCLUDING SUBSIDIARIES),5190000.00,2013-04-22T16:21:34.533000-04:00,2013
5c21e1e2-bc3b-42c2-9976-489023e9d186,"THE LIVINGSTON GROUP, LLC","INTERCULTURE, INC.",,2013-05-15T16:27:22.397000-04:00,2013
9bbe5231-10ab-4a44-8c3a-98e7fc991266,HOLLAND & KNIGHT LLP,"UTILITY SCALE SOLAR, INC.",,2013-07-12T15:46:25.900000-04:00,2013
7045762d-2c2c-405a-b4c7-3203205b4977,"HENGEN GROUP, LLC","HYPERION TECHNOLOGY GROUP, INC.",,2013-07-17T12:23:13.570000-04:00,2013
37451271-fbd7-417f-b7b3-c1d88f462ec8,THOMPSON CONSULTING GROUP,INFINIA,,2013-07-17T16:46:27.737000-04:00,2013
a5193116-2b37-4e33-acd7-55ee0e447604,"BALCH & BINGHAM, LLP","HYPERION TECHNOLOGY GROUP, INC.",,2013-07-17T17:31:18.640000-04:00,2013
9988b418-b2af-427b-8c4c-7d694c1fe5c1,J M BURKMAN & ASSOCIATES,ADVANCED I 3 ENERGY,,2013-07-18T16:55:17.437000-04:00,2013
af05ed71-584c-4692-83c9-e86e8a16886f,"THE LIVINGSTON GROUP, LLC","SOITEC SOLAR, INC",,2013-07-19T16:18:51.137000-04:00,2013
c48a0770-648a-44c5-a949-64a51cf1f81b,SOLAR ENERGY INDUSTRIES ASSOCIATION,SOLAR ENERGY INDUSTRIES ASSOCIATION,190000.00,2013-07-22T13:09:51.620000-04:00,2013
17b214ad-533e-4a12-b5fd-03ca4a10a276,"ALPINE GROUP PARTNERS, LLC.",NRG ENERGY INC,,2013-07-22T14:02:12.677000-04:00,2013
6dee29f5-38b3-4909-8719-c1eb4ea15215,NORTH CAROLINA STATE UNIVERSITY,NORTH CAROLINA STATE UNIVERSITY,30000.00,2013-07-23T16:22:55.177000-04:00,2013
31acb2a7-4eb0-4b6c-9cf2-19bd3a4f2ad4,NORTH CAROLINA STATE UNIVERSITY,NORTH CAROLINA STATE UNIVERSITY,30000.00,2013-07-23T16:38:57.587000-04:00,2013
31acb2a7-4eb0-4b6c-9cf2-19bd3a4f2ad4,NORTH CAROLINA STATE UNIVERSITY,NORTH CAROLINA STATE UNIVERSITY,30000.00,2013-07-23T16:38:57.587000-04:00,2013
d0c6f6be-5e03-4784-bddf-63ca32c8cb84,HOLLAND & KNIGHT LLP,"UTILITY SCALE SOLAR, INC.",,2013-10-08T11:46:18.740000-04:00,2013
6aa6f439-b306-41cb-b662-f808b00ce900,"BALCH & BINGHAM, LLP","HYPERION TECHNOLOGY GROUP, INC.",,2013-10-17T11:21:04.410000-04:00,2013
3704d62d-e564-4931-aae8-543a5d0bdb4a,J M BURKMAN & ASSOCIATES,ADVANCED I 3 ENERGY,,2013-10-17T15:07:17.693000-04:00,2013
c86db9e8-b293-42e0-8459-b00fb37c093c,"XCEL ENERGY, INC",XCEL ENERGY INC,350000.00,2013-10-21T10:26:22.347000-04:00,2013
08fd470a-27ba-453e-80c5-0ac3a2389f45,"XCEL ENERGY, INC",XCEL ENERGY INC,350000.00,2013-10-21T11:16:03.137000-04:00,2013
d57be45e-f55d-418d-93be-8e63bf2ad376,"ALPINE GROUP PARTNERS, LLC.",NRG ENERGY INC,,2013-10-21T12:26:33.763000-04:00,2013
8f43cb98-4975-440b-bd8f-ce2056314530,LABORERS' INTERNATIONAL UNION OF NORTH AMERICA,LABORERS' INTERNATIONAL UNION OF NORTH AMERICA,420000.00,2013-10-21T16:26:29.383000-04:00,2013
2c917d13-35d2-492d-81e5-df77dfff65a5,"THE LIVINGSTON GROUP, LLC",SADER POWER ENTERPRISES LLC,,2013-10-21T18:04:15.797000-04:00,2013
60b8dd1e-b72c-4be1-93c1-98f7bb69890d,"THE LIVINGSTON GROUP, LLC","SOITEC SOLAR, INC",,2013-10-21T18:12:01.310000-04:00,2013
1ec4c0df-fd4c-4d87-aa93-28251785793a,NORTH CAROLINA STATE UNIVERSITY,NORTH CAROLINA STATE UNIVERSITY,30000.00,2013-10-21T22:19:46.303000-04:00,2013
eb4518d7-a4ea-477b-8d2f-ea9ca963525b,"AVANGRID, INC.",AVANGRID INC,112000.00,2013-12-03T19:00:05.930000-05:00,2012
cc200fa2-b3f6-400d-9d27-ff367cfd0906,"THE LIVINGSTON GROUP, LLC","SOITEC SOLAR, INC",,2014-01-16T15:36:37.373000-05:00,2013
df6a52b6-3462-478a-99d1-7e8f88b2c387,"ALPINE GROUP PARTNERS, LLC.",NRG ENERGY INC,,2014-01-16T15:45:51.683000-05:00,2013
d8ce2e39-58d8-4c6e-a2fb-c4534602ffa7,"BALCH & BINGHAM, LLP","HYPERION TECHNOLOGY GROUP, INC.",,2014-01-17T15:48:29.237000-05:00,2013
41efe586-6722-4ca1-84ba-54eaa0053969,J M BURKMAN & ASSOCIATES,ADVANCED I 3 ENERGY,,2014-01-20T16:30:17.497000-05:00,2013
1aca5dc2-687d-4556-8243-10c0ae29a9fe,NORTH CAROLINA STATE UNIVERSITY,NORTH CAROLINA STATE UNIVERSITY,30000.00,2014-01-21T15:52:58.863000-05:00,2013
bc257691-93ce-4d87-a343-fbb1efa843aa,PANASONIC CORPORATION OF NORTH AMERICA (PNA),PANASONIC CORPORATION OF NORTH AMERICA (PNA),70000.00,2014-01-22T16:16:45.653000-05:00,2013
6dac9d9a-3ccb-4e48-ac22-c5e88bc8ade2,NATIONAL SMALL BUSINESS ASSOCIATION,NATIONAL SMALL BUSINESS ASSOCIATION,38000.00,2014-01-31T11:12:03.897000-05:00,2013
62a581c7-6c7f-4e66-be2a-729df4807029,"BALCH & BINGHAM, LLP","HYPERION TECHNOLOGY GROUP, INC.",,2014-04-18T11:31:10.370000-04:00,2014
41af7b36-1362-4882-a3b6-2ea3e5c689bd,LABORERS' INTERNATIONAL UNION OF NORTH AMERICA,LABORERS' INTERNATIONAL UNION OF NORTH AMERICA,370000.00,2014-04-18T13:34:31.277000-04:00,2014
19a50187-2e9f-4ebb-a032-206a6b907bfd,"ALPINE GROUP PARTNERS, LLC.",NRG ENERGY INC,,2014-04-18T18:17:57.667000-04:00,2014
cc658078-1a83-4369-a404-b9974d2f2c73,J M BURKMAN & ASSOCIATES,ADVANCED I 3 ENERGY,,2014-04-19T13:08:18.663000-04:00,2014
df7e6552-8bac-4a36-bc8f-2b7655347cd1,"THE LIVINGSTON GROUP, LLC","SOITEC SOLAR, INC",,2014-04-21T11:02:53.053000-04:00,2014
5bb68f97-9eed-490b-8bf4-b3e4185ee4ef,NORTH CAROLINA STATE UNIVERSITY,NORTH CAROLINA STATE UNIVERSITY,50000.00,2014-04-21T12:19:35.693000-04:00,2014
9636beb9-4fae-4f87-a06b-c090a91a9f00,AMERICAN PUBLIC POWER ASSOCIATION,AMERICAN PUBLIC POWER ASSOCIATION,233710.00,2014-04-21T17:07:42.520000-04:00,2014
4bf66081-9650-445a-92eb-b85bf087b5b7,PANASONIC CORPORATION OF NORTH AMERICA (PNA),PANASONIC CORPORATION OF NORTH AMERICA (PNA),90000.00,2014-04-21T17:16:40.787000-04:00,2014
2c583184-bf9c-4f21-9ee1-05074a2f1e78,NATIONAL SMALL BUSINESS ASSOCIATION,NATIONAL SMALL BUSINESS ASSOCIATION,38000.00,2014-04-29T16:57:04.037000-04:00,2014
1101ee1e-a3f3-48fd-9d70-ea7ce31e8229,J M BURKMAN & ASSOCIATES,ADVANCED I 3 ENERGY,,2014-07-11T08:38:36.910000-04:00,2014
ad135a65-37b9-456d-9947-b9d7a0171f11,"ALPINE GROUP PARTNERS, LLC.",NRG ENERGY INC,,2014-07-16T15:38:58.043000-04:00,2014
756f346b-7c3c-449e-b12b-ec16f5667aff,NATIONAL SMALL BUSINESS ASSOCIATION,NATIONAL SMALL BUSINESS ASSOCIATION,36000.00,2014-07-18T12:23:10.137000-04:00,2014
73287460-379b-4d55-b505-1c7fe1e94b6c,"THE LIVINGSTON GROUP, LLC","SOITEC SOLAR, INC",,2014-07-18T15:36:40.887000-04:00,2014
00f3f92c-9ca0-4207-9f7e-480daed405dd,LABORERS' INTERNATIONAL UNION OF NORTH AMERICA,LABORERS' INTERNATIONAL UNION OF NORTH AMERICA,360000.00,2014-07-21T15:52:30.537000-04:00,2014
1baab237-1e0b-4744-81c2-8e27bcd4de26,PANASONIC CORPORATION OF NORTH AMERICA (PNA),PANASONIC CORPORATION OF NORTH AMERICA (PNA),100000.00,2014-07-21T17:15:07.470000-04:00,2014
5a18ef04-e70b-40a9-a3d6-4af77aaef42a,MR. MARK KOPEC,NATIONAL SOLAR TECHNOLOGIES,,2014-10-05T09:45:32.383000-04:00,2014
10233589-7680-4966-9da6-a5ef470cee93,"ALPINE GROUP PARTNERS, LLC.",NRG ENERGY INC,,2014-10-13T16:24:12.783000-04:00,2014
a9d3d1cb-dabb-4fe2-bdea-a1b746b67e6b,"ALLETE, INC",ALLETE INC,46000.00,2014-10-14T11:17:38.727000-04:00,2014
8d7b69a4-30fc-46cf-a5be-838045d44475,"ML STRATEGIES, LLC","SUNIVA, INC.",,2014-10-17T12:44:12.887000-04:00,2014
28a74aaa-4884-41f6-b0e6-e89275a57669,"THE LIVINGSTON GROUP, LLC","SOITEC SOLAR, INC",,2014-10-17T15:22:47.587000-04:00,2014
3c80d697-7daa-41ea-a28e-a88dada49fce,PANASONIC CORPORATION OF NORTH AMERICA (PNA),PANASONIC CORPORATION OF NORTH AMERICA (PNA),100000.00,2014-10-20T16:31:33.180000-04:00,2014
34cfcc70-1f1a-49d4-bc00-9746040f7355,LABORERS' INTERNATIONAL UNION OF NORTH AMERICA,LABORERS' INTERNATIONAL UNION OF NORTH AMERICA,320000.00,2014-10-20T18:39:57.853000-04:00,2014
a570f3f6-2f93-4e8e-8820-8e6d49734d34,"ALLETE, INC",ALLETE INC,46000.00,2015-01-12T14:05:39.107000-05:00,2014
bd05f3b9-621e-4cf8-bb2f-47f6d67e93a8,OWEN EVANS INGOLS,"SODA MOUNTAIN SOLAR, LLC",,2015-01-19T10:48:55.617000-05:00,2014
049e3809-8fe2-4ce6-98f5-cfd81ce61772,"ALPINE GROUP PARTNERS, LLC.",NRG ENERGY INC,,2015-01-20T00:48:37.767000-05:00,2014
de9c7e11-fa5c-46d3-a216-f88d40a49543,"ML STRATEGIES, LLC","SUNIVA, INC.",,2015-01-20T11:15:09.910000-05:00,2014
d2289d89-c501-4b26-9807-0a8ab60932d0,LABORERS' INTERNATIONAL UNION OF NORTH AMERICA,LABORERS' INTERNATIONAL UNION OF NORTH AMERICA,310000.00,2015-01-20T15:59:13.057000-05:00,2014
e6cd7e93-467c-4979-9b1e-414a8d863fc5,"THE LIVINGSTON GROUP, LLC","SOITEC SOLAR, INC",,2015-01-20T16:13:40.090000-05:00,2014
b5ab44cb-397f-40d6-a008-c4bb7ddfda25,PANASONIC CORPORATION OF NORTH AMERICA (PNA),PANASONIC CORPORATION OF NORTH AMERICA (PNA),100000.00,2015-01-20T17:20:21.277000-05:00,2014
5036689e-1a0e-40e2-8936-45637d20418a,NATIONAL GRID USA,NATIONAL GRID USA,400000.00,2015-01-20T20:06:50.330000-05:00,2014
8631c9dd-ca2c-4af0-9d8b-7f9cd4a533b7,ARENTFOX SCHIFF LLP,"TENASKA, INC.",,2015-01-20T20:18:57.550000-05:00,2014
014ca147-6510-41e7-9074-34d305f39cd8,NATIONAL GRID USA,NATIONAL GRID USA,400000.00,2015-01-20T21:21:45.717000-05:00,2014
03104bfa-a389-4d0d-a889-fc7a03542eb0,PANASONIC CORPORATION OF NORTH AMERICA (PNA),PANASONIC CORPORATION OF NORTH AMERICA (PNA),100000.00,2015-01-28T13:18:50.547000-05:00,2014
1cbd82e0-a687-4ec3-9611-4d6c9f8eb725,"ALLETE, INC",ALLETE INC,47000.00,2015-04-03T16:10:30.570000-04:00,2015
7576e127-41e4-41da-acd0-5f0f1c7a8c79,"ALPINE GROUP PARTNERS, LLC.",NRG ENERGY INC,,2015-04-15T14:02:14.573000-04:00,2015
c6f74901-2cc5-4df3-8488-581317ce78aa,"COHEN & GRIGSBY, P.C.",CONCEPT BY US CORPORATION,,2015-04-17T11:32:06.037000-04:00,2015
e9b92406-aaa4-49c5-9f93-5bf1bae077bc,"CERES, INC.","CERES, INC.",10000.00,2015-04-17T18:25:05.087000-04:00,2015
3ea27fd0-c5b9-4e8d-8bee-8dc3ef508b7b,PANASONIC CORPORATION OF NORTH AMERICA (PNA),PANASONIC CORPORATION OF NORTH AMERICA (PNA),100000.00,2015-04-20T13:40:24.097000-04:00,2015
ec3542df-43e3-451a-a8d2-de8378fc6ddc,CALIFORNIA ASSOCIATION OF REALTORS,CALIFORNIA ASSOCIATION OF REALTORS,36857.00,2015-04-20T13:41:42.597000-04:00,2015
110c9d06-d431-40ff-a2c0-21f2fa9a595d,SOLAR ENERGY INDUSTRIES ASSOCIATION,SOLAR ENERGY INDUSTRIES ASSOCIATION,160000.00,2015-04-20T16:22:09.483000-04:00,2015
21b82d1f-212e-43ed-940b-e8b49799016a,"ML STRATEGIES, LLC","SUNIVA, INC.",,2015-04-20T16:25:10.670000-04:00,2015
d983fbd4-cde0-4379-9d94-2f214731058f,"PODESTA GROUP, INC.",SUNEDISON,,2015-04-20T20:13:49.477000-04:00,2015
4be6ef0e-615c-4242-ac0c-3e7bf6243c30,GENERAL ELECTRIC COMPANY (INCLUDING SUBSIDIARIES),GENERAL ELECTRIC COMPANY (INCLUDING SUBSIDIARIES),4940000.00,2015-06-04T17:07:41.020000-04:00,2012
68803d02-df0d-478f-9d04-ab5e2578192e,"ALLETE, INC",ALLETE INC,52000.00,2015-07-06T13:31:46.347000-04:00,2015
0c2c230c-1a25-4359-9850-1b145392c9dc,"ML STRATEGIES, LLC","SUNIVA, INC.",,2015-07-20T12:58:07.190000-04:00,2015
5e9bee0d-363a-4e8a-afdf-09f6002b1ec0,SC PARTNERS LLC,SOLAR ENERGY INDUSTRIES ASSOCIATION,,2015-07-20T13:15:25.943000-04:00,2015
7cafabdc-368a-4b76-9084-df4885e342d3,"CERES, INC.","CERES, INC.",10000.00,2015-07-20T15:02:42.893000-04:00,2015
470f9def-f32a-4831-8ee5-ba0aadeaf235,CALIFORNIA ASSOCIATION OF REALTORS,CALIFORNIA ASSOCIATION OF REALTORS,23850.00,2015-07-20T16:19:21.653000-04:00,2015
5771a609-daa4-4b55-86f3-f153f9ff746e,"ALPINE GROUP PARTNERS, LLC.",NRG ENERGY INC,,2015-07-20T16:56:14.077000-04:00,2015
3514352d-0c93-4f2e-98bb-6f8a8d5c9e6a,AMERICAN PUBLIC POWER ASSOCIATION,AMERICAN PUBLIC POWER ASSOCIATION,215508.00,2015-07-20T18:02:42.570000-04:00,2015
cb6fe8ad-ebf4-408d-a277-ce5ab858fe63,SOLAR ENERGY INDUSTRIES ASSOCIATION,SOLAR ENERGY INDUSTRIES ASSOCIATION,180000.00,2015-07-24T13:35:32.910000-04:00,2015
da056f1d-3282-4c86-94eb-75d4a120e725,"ROBERTSON, MONAGLE, AND EASTAUGH",CITY OF MARATHON,,2015-10-09T09:45:39.353000-04:00,2015
c045ba5c-44bc-42bc-bf31-bec493941d09,"ALLETE, INC",ALLETE INC,50000.00,2015-10-09T13:24:04.993000-04:00,2015
c045ba5c-44bc-42bc-bf31-bec493941d09,"ALLETE, INC",ALLETE INC,50000.00,2015-10-09T13:24:04.993000-04:00,2015
f5e642a7-4458-47a6-bce6-64fe23d35dd1,"ALPINE GROUP PARTNERS, LLC.",NRG ENERGY INC,,2015-10-13T11:55:22.273000-04:00,2015
18578b32-b4f1-4a28-b6a4-119448133d44,"PEPCO HOLDINGS, INC.",PEPCO HOLDINGS INC,300000.00,2015-10-14T13:36:11.380000-04:00,2015
6227a66d-26d7-4fc8-b8fb-4df44b0ecef5,PORTLAND GENERAL ELECTRIC,PORTLAND GENERAL ELECTRIC,70000.00,2015-10-16T17:31:57.837000-04:00,2015
d4cb6aee-9aa7-4188-9a5a-2a9efad211d8,SOLARCITY,SOLARCITY,140000.00,2015-10-18T22:36:03.303000-04:00,2015
f1debae3-d730-4736-a7d9-15f8b31af9dd,BERKSHIRE HATHAWAY ENERGY (FORMERLY MIDAMERICAN ENERGY HOLDINGS COMPANY),BERKSHIRE HATHAWAY ENERGY (FORMERLY MIDAMERICAN ENERGY HOLDINGS COMPANY),340000.00,2015-10-19T11:23:13.363000-04:00,2015
67b27877-b1b0-4b15-81ef-e184b025ae50,SOLAR ENERGY INDUSTRIES ASSOCIATION,SOLAR ENERGY INDUSTRIES ASSOCIATION,300000.00,2015-10-19T11:26:39.020000-04:00,2015
666c4f74-fef1-48fc-8f99-121f6529514a,SC PARTNERS LLC,SOLAR ENERGY INDUSTRIES ASSOCIATION,,2015-10-19T11:44:07.757000-04:00,2015
2997e3c8-c204-4e75-be8a-0c6c029b3b6e,PPL CORPORATION,PPL CORPORATION,70000.00,2015-10-20T08:20:14.980000-04:00,2015
8585c490-4331-48df-8765-5af26fc2f745,CMS ENERGY CORP,CMS ENERGY CORP,270000.00,2015-10-20T11:32:08.457000-04:00,2015
67a78f9b-abe3-4481-a787-60556e3beaec,DUKE ENERGY CORPORATION,DUKE ENERGY CORPORATION,1217000.00,2015-10-20T11:33:40.377000-04:00,2015
e0485f53-f19e-4a64-aa53-e978fab312d9,"XCEL ENERGY, INC",XCEL ENERGY INC,340000.00,2015-10-20T13:12:48.047000-04:00,2015
4ac5f551-d85c-47ac-8119-d8b964de557b,"ENTERGY SERVICES, LLC",ENTERGY SERVICES LLC,450000.00,2015-10-20T13:33:59.877000-04:00,2015
eaa6c3f4-36dc-42dc-b47f-a0e53fe19bd6,"ML STRATEGIES, LLC","SUNIVA, INC.",,2015-10-20T14:13:09.467000-04:00,2015
5cd513d1-7696-47da-a325-6a5837fdac0d,EDISON ELECTRIC INSTITUTE,EDISON ELECTRIC INSTITUTE,1950000.00,2015-10-20T15:02:05.303000-04:00,2015
06c43886-cdef-46c6-8019-39bccfe96439,FIRSTENERGY CORP,FIRSTENERGY CORP,438769.00,2015-10-20T16:07:09.513000-04:00,2015
d92a407c-23a4-476d-b6a0-936fee85a371,EARTHJUSTICE,EARTHJUSTICE,92359.00,2015-10-20T16:28:41.873000-04:00,2015
396d0e86-b0a2-425a-9ed4-4c8fd5daa0d7,AMERICAN PUBLIC POWER ASSOCIATION,AMERICAN PUBLIC POWER ASSOCIATION,237565.00,2015-10-20T17:50:56.133000-04:00,2015
5631392f-b0b5-4d05-870b-6400c5c2e3d2,CALIFORNIA ASSOCIATION OF REALTORS,CALIFORNIA ASSOCIATION OF REALTORS,23850.00,2015-10-23T17:15:13.250000-04:00,2015
dc4cc1c0-0b11-4c3b-b4db-d886e4601f09,"ALLETE, INC",ALLETE INC,45000.00,2016-01-15T12:10:31.247000-05:00,2015
dc4cc1c0-0b11-4c3b-b4db-d886e4601f09,"ALLETE, INC",ALLETE INC,45000.00,2016-01-15T12:10:31.247000-05:00,2015
e1f5ab8b-1dff-40e3-9ff9-fd8721277eb4,BERKSHIRE HATHAWAY ENERGY (FORMERLY MIDAMERICAN ENERGY HOLDINGS COMPANY),BERKSHIRE HATHAWAY ENERGY (FORMERLY MIDAMERICAN ENERGY HOLDINGS COMPANY),410000.00,2016-01-19T08:37:07.013000-05:00,2015
febb7f2a-6e2d-4512-b74c-b4c410353d08,SC PARTNERS LLC,SOLAR ENERGY INDUSTRIES ASSOCIATION,,2016-01-19T11:11:32.087000-05:00,2015
b7ca8b3f-621d-49df-8992-e99b9c29455d,"ALPINE GROUP PARTNERS, LLC.",NRG ENERGY INC,,2016-01-19T14:14:43.593000-05:00,2015
56c68b4d-eea6-461e-b9cd-e0966701bb4a,"ML STRATEGIES, LLC","SUNIVA, INC.",,2016-01-19T18:39:33.757000-05:00,2015
f67b6d46-0e50-43fb-91d8-841e20996239,CMS ENERGY CORP,CMS ENERGY CORP,280000.00,2016-01-20T09:05:03.047000-05:00,2015
0eb56869-fcb6-4e72-8541-638deeb0fbf1,"CONSUMER REPORTS, INC. (F.K.A. CONSUMERS UNION OF UNITED STATES, INC.)","CONSUMER REPORTS, INC. (F.K.A. CONSUMERS UNION OF UNITED STATES, INC.)",60000.00,2016-01-20T09:43:05.993000-05:00,2015
7e069af0-7fd2-49ec-9ebe-944f586072b0,"XCEL ENERGY, INC",XCEL ENERGY INC,350000.00,2016-01-20T12:39:03.977000-05:00,2015
7d779110-e5f5-4832-a86a-2e1eade570bb,"TECO ENERGY, INC.","TECO ENERGY, INC.",140000.00,2016-01-20T13:03:32.913000-05:00,2015
a92483ad-f2b5-4766-a1fc-982dd39aec07,CALIFORNIA ASSOCIATION OF REALTORS,CALIFORNIA ASSOCIATION OF REALTORS,23850.00,2016-01-20T14:49:25.080000-05:00,2015
b6164fec-2dce-41b6-8628-0f36e70d9f10,NATIONAL RURAL ELECTRIC COOPERATIVE ASSOCIATION (NRECA),NATIONAL RURAL ELECTRIC COOPERATIVE ASSOCIATION (NRECA),590000.00,2016-01-20T15:29:12.227000-05:00,2015
d89ca3e1-e460-4bdc-9fc1-e3d56f9cfc21,LABORERS' INTERNATIONAL UNION OF NORTH AMERICA,LABORERS' INTERNATIONAL UNION OF NORTH AMERICA,350000.00,2016-01-20T16:09:44.793000-05:00,2015
234a57e1-6ae8-4fcd-ac50-ef1cdfcfb793,AMERICAN PUBLIC POWER ASSOCIATION,AMERICAN PUBLIC POWER ASSOCIATION,187910.00,2016-01-20T17:20:27.513000-05:00,2015
76589975-3a12-4ff9-818b-ab4e9d93f55a,EARTHJUSTICE,EARTHJUSTICE,100369.00,2016-01-20T17:42:56.593000-05:00,2015
45f21ff8-428b-4d7a-bfd3-dcc2dd67b24d,SOLAR ENERGY INDUSTRIES ASSOCIATION,SOLAR ENERGY INDUSTRIES ASSOCIATION,340000.00,2016-01-21T15:34:31.073000-05:00,2015
7f2bdf4f-614c-4c0d-a112-d1136caa1c0b,LABORERS' INTERNATIONAL UNION OF NORTH AMERICA,LABORERS' INTERNATIONAL UNION OF NORTH AMERICA,,2016-02-05T14:46:49.107000-05:00,2015
31b9df2f-623a-4327-80b2-ae5b866f2867,"ALLETE, INC",ALLETE INC,43000.00,2016-04-08T09:21:00.993000-04:00,2016
407dff0c-e7b3-4792-b827-f8aa361cfe50,"ALPINE GROUP PARTNERS, LLC.",NRG ENERGY INC,,2016-04-13T16:02:51.707000-04:00,2016
ea78c7a4-be82-42fe-96db-4d8eb2c8d88a,"ALPINE GROUP PARTNERS, LLC.",NRG ENERGY INC,,2016-04-13T16:00:49.533000-04:00,2016
9fd73165-5831-4ae2-9049-0f21ced78729,EDISON INTERNATIONAL,EDISON INTERNATIONAL,769000.00,2016-04-15T16:02:53.610000-04:00,2016
a228f9b7-546d-4620-a433-dcbfa06bb0ba,"PEPCO HOLDINGS, INC.",PEPCO HOLDINGS INC,370000.00,2016-04-18T13:40:10.433000-04:00,2016
c673f7a0-cd57-48c9-b781-31890a5e1be4,SC PARTNERS LLC,SOLAR ENERGY INDUSTRIES ASSOCIATION,,2016-04-19T09:29:20.470000-04:00,2016
b3c7d510-8337-4048-817d-70deeaec010a,SC PARTNERS LLC,"FIRST SOLAR, INC.",,2016-04-19T09:45:45.487000-04:00,2016
983737d8-573a-47cb-b6a5-f735f8fd4513,DUKE ENERGY CORPORATION,DUKE ENERGY CORPORATION,2510000.00,2016-04-19T15:09:23.857000-04:00,2016
db3f837b-ad9f-4650-905e-1fcb54beb0b9,PORTLAND GENERAL ELECTRIC,PORTLAND GENERAL ELECTRIC,150000.00,2016-04-19T18:43:59.130000-04:00,2016
394f8da2-dc32-45e9-9231-4aada9a567cf,AMERICAN GAS ASSOCIATION,AMERICAN GAS ASSOCIATION,500000.00,2016-04-20T08:46:41.853000-04:00,2016
63f55cc2-2841-45b8-aa67-53006e437348,AMERESCO,AMERESCO,130000.00,2016-04-20T09:35:27.660000-04:00,2016
1eba73d6-4c4e-4ed3-8d15-bb126b127503,BERKSHIRE HATHAWAY ENERGY (FORMERLY MIDAMERICAN ENERGY HOLDINGS COMPANY),BERKSHIRE HATHAWAY ENERGY (FORMERLY MIDAMERICAN ENERGY HOLDINGS COMPANY),240000.00,2016-04-20T10:02:11.443000-04:00,2016
8b25a58e-5458-4b33-9c42-260499284a66,CMS ENERGY CORP,CMS ENERGY CORP,520000.00,2016-04-20T11:35:54.957000-04:00,2016
1221324f-c980-4ec2-a68a-ad6c95aad480,"ML STRATEGIES, LLC","SUNIVA, INC.",,2016-04-20T14:03:22.427000-04:00,2016
8d24e8dd-0483-4cd0-b1b1-78f3fab3856f,CALIFORNIA ASSOCIATION OF REALTORS,CALIFORNIA ASSOCIATION OF REALTORS,29165.00,2016-04-20T14:33:36.227000-04:00,2016
71729ed6-aa12-46a1-ad33-18d2a83d6b21,EDISON ELECTRIC INSTITUTE,EDISON ELECTRIC INSTITUTE,2250000.00,2016-04-20T15:01:07.823000-04:00,2016
880060c0-5d47-4a6c-a87c-98caed2c069a,"CAPITOL CITY GROUP, LTD.",AMERESCO,,2016-04-20T15:22:22.983000-04:00,2016
60843377-8fec-460d-bc1a-1004f25d93d8,EARTHJUSTICE,EARTHJUSTICE,99930.00,2016-04-20T16:23:51.887000-04:00,2016
98a85b7e-3b6c-4851-9b4c-1cf6e85fba0e,PUBLIC SERVICE ENTERPRISE GROUP,PUBLIC SERVICE ENTERPRISE GROUP,270000.00,2016-04-20T16:56:21.093000-04:00,2016
419b4545-d12c-4784-be0c-f9a5d6ba9ed7,"TENNESSEE VALLEY PUBLIC POWER ASSOCIATION, INC. (TVPPA)",TENNESSEE VALLEY PUBLIC POWER ASSOCIATION INC (TVPPA),50000.00,2016-04-20T17:31:13.377000-04:00,2016
6a6776b4-bbe0-4bae-b27f-aa96fe051caf,"MORGAN MEGUIRE, LLC",CITY UTILITIES OF SPRINGFIELD,,2016-04-20T17:36:04.027000-04:00,2016
9da1cf82-cfa3-4982-aeab-c8627a585fee,"MORGAN MEGUIRE, LLC",TENNESSEE VALLEY PUBLIC POWER ASSOCIATION,,2016-04-20T17:44:54.677000-04:00,2016
91845542-f6b4-4174-a0cd-79e558c130ef,"XCEL ENERGY, INC",XCEL ENERGY INC,620000.00,2016-04-20T20:25:15.950000-04:00,2016
7fef86fa-5737-44a6-9a23-7fa69303bdd2,BLACK HILLS CORPORATION,BLACK HILLS CORPORATION,10000.00,2016-04-20T21:23:07.287000-04:00,2016
c3c831a0-4c23-4730-8620-320da731f680,"EXELON BUSINESS SERVICES, LLC",EXELON BUSINESS SERVICES LLC,2150000.00,2016-04-20T23:49:14.630000-04:00,2016
af532a24-65ab-4179-bccf-bedfc8e54342,"ALLETE, INC",ALLETE INC,135000.00,2016-07-13T13:08:26.327000-04:00,2016
af532a24-65ab-4179-bccf-bedfc8e54342,"ALLETE, INC",ALLETE INC,135000.00,2016-07-13T13:08:26.327000-04:00,2016
bd83478f-0d66-454b-8095-25cc73a87428,CALIFORNIA ASSOCIATION OF REALTORS,CALIFORNIA ASSOCIATION OF REALTORS,38302.00,2016-07-13T17:41:40.540000-04:00,2016
5fcc4265-b9ea-4360-9f19-c8dc4008732e,SC PARTNERS LLC,SOLAR ENERGY INDUSTRIES ASSOCIATION,,2016-07-18T09:11:30.313000-04:00,2016
ee6b9685-1f5f-45c6-85a9-02108288f9eb,SC PARTNERS LLC,"FIRST SOLAR, INC.",,2016-07-18T09:14:37.580000-04:00,2016
8c3312a4-fa73-47c3-9b3b-ede6bf394ad9,PUBLIC SERVICE ENTERPRISE GROUP,PUBLIC SERVICE ENTERPRISE GROUP,270000.00,2016-07-18T15:39:42.363000-04:00,2016
ff99ab86-8b95-4d89-8018-2464653be9fe,"ALPINE GROUP PARTNERS, LLC.",NRG ENERGY INC,,2016-07-18T15:37:38.160000-04:00,2016
94531865-7695-451c-99d9-7a0afdcb8c71,AMERICAN GAS ASSOCIATION,AMERICAN GAS ASSOCIATION,390000.00,2016-07-19T10:09:33.827000-04:00,2016
f9a13ff5-6bce-4cc1-af0a-8891a2aced3c,AMERESCO,AMERESCO,130000.00,2016-07-19T12:23:27.623000-04:00,2016
4df6bc89-0007-4465-830a-32c88cb5c4d3,BERKSHIRE HATHAWAY ENERGY (FORMERLY MIDAMERICAN ENERGY HOLDINGS COMPANY),BERKSHIRE HATHAWAY ENERGY (FORMERLY MIDAMERICAN ENERGY HOLDINGS COMPANY),190000.00,2016-07-19T12:58:00.783000-04:00,2016
41392728-aae2-47f6-8012-0c7569def0af,BLACK HILLS CORPORATION,BLACK HILLS CORPORATION,,2016-07-19T18:56:58.343000-04:00,2016
cd916a7e-c30a-4476-ade5-80bd6bb789bc,"MORGAN MEGUIRE, LLC",TENNESSEE VALLEY PUBLIC POWER ASSOCIATION,,2016-07-20T09:58:47.817000-04:00,2016
6fc41504-bcec-4864-b28b-aa1b687b5df5,"TENNESSEE VALLEY PUBLIC POWER ASSOCIATION, INC. (TVPPA)",TENNESSEE VALLEY PUBLIC POWER ASSOCIATION INC (TVPPA),50000.00,2016-07-20T14:52:05.400000-04:00,2016
fae9de1f-57a0-4a51-bb5d-d69746f7a7ad,"ML STRATEGIES, LLC","SUNIVA, INC.",,2016-07-20T15:09:43.887000-04:00,2016
4c8f5730-af14-4ca3-89f8-e795cc269f6b,DUKE ENERGY CORPORATION,DUKE ENERGY CORPORATION,1420000.00,2016-07-20T15:47:49.733000-04:00,2016
6dc9b540-dde7-4836-843e-3dbd4d941b58,CMS ENERGY CORP,CMS ENERGY CORP,270000.00,2016-07-20T15:53:48.377000-04:00,2016
d1ccac77-fe73-43cc-92f3-8807a80ec9fa,"EXELON BUSINESS SERVICES, LLC",EXELON BUSINESS SERVICES LLC,900000.00,2016-07-20T16:26:08.067000-04:00,2016
9b16314d-7376-40dd-bc82-bb5371b8c8e2,"CAPITOL CITY GROUP, LTD.",AMERESCO,,2016-07-20T16:46:21.460000-04:00,2016
b00c0e27-067c-42dd-a1e6-146b52185a9c,EARTHJUSTICE,EARTHJUSTICE,127981.00,2016-07-20T17:36:25.793000-04:00,2016
e088d408-1181-4832-9648-ac0397a7fbde,"MEGGITT-USA, INC.","MEGGITT-USA, INC.",200000.00,2016-07-27T14:30:52.140000-04:00,2016
733d5eaa-7830-4b61-9203-17cadacac1e8,"ALLETE, INC",ALLETE INC,49000.00,2016-10-10T15:57:46.443000-04:00,2016
72284268-9867-4645-84cb-1f4e53f1fbf8,CALIFORNIA ASSOCIATION OF REALTORS,CALIFORNIA ASSOCIATION OF REALTORS,38302.00,2016-10-17T13:46:02.793000-04:00,2016
a2ecba72-94f3-4a03-b1b8-21fc88bd5ff0,BERKSHIRE HATHAWAY ENERGY (FORMERLY MIDAMERICAN ENERGY HOLDINGS COMPANY),BERKSHIRE HATHAWAY ENERGY (FORMERLY MIDAMERICAN ENERGY HOLDINGS COMPANY),270000.00,2016-10-18T13:45:24.337000-04:00,2016
244cc41e-0e9d-4010-b742-4ff61fd61ffe,AMERESCO,AMERESCO,130000.00,2016-10-18T14:27:09.110000-04:00,2016
278c02c1-4618-4e4b-9420-743fe1d08965,"ALPINE GROUP PARTNERS, LLC.",NRG ENERGY INC,,2016-10-18T14:45:06.737000-04:00,2016
aac13633-da04-4ecd-9643-e1307d280dd1,"MORGAN MEGUIRE, LLC",TENNESSEE VALLEY PUBLIC POWER ASSOCIATION,,2016-10-18T15:12:03.867000-04:00,2016
f987f7fb-65b9-4fde-bdd6-240c2c94d0b9,PORTLAND GENERAL ELECTRIC,PORTLAND GENERAL ELECTRIC,60000.00,2016-10-18T15:56:04.440000-04:00,2016
f23c1170-4d43-4fe1-ad89-40bd8673760d,"TENNESSEE VALLEY PUBLIC POWER ASSOCIATION, INC. (TVPPA)",TENNESSEE VALLEY PUBLIC POWER ASSOCIATION INC (TVPPA),40000.00,2016-10-19T07:43:45.280000-04:00,2016
e5a001da-c26b-4119-b888-f7f2c6a11c56,AMERICAN GAS ASSOCIATION,AMERICAN GAS ASSOCIATION,306000.00,2016-10-19T12:01:22.150000-04:00,2016
5fd0627a-9a9c-44cb-8e04-dfb2caca82dc,CMS ENERGY CORP,CMS ENERGY CORP,210000.00,2016-10-19T14:09:40.920000-04:00,2016
08a01af1-7721-458a-a26f-7cc126858f30,SC PARTNERS LLC,SOLAR ENERGY INDUSTRIES ASSOCIATION,,2016-10-19T15:25:09.487000-04:00,2016
6d96a4b4-6cce-4abd-9b0d-f9f21d663082,SC PARTNERS LLC,"FIRST SOLAR, INC.",,2016-10-19T15:26:20.037000-04:00,2016
ece094ef-1318-46f6-8c15-c14d3c23d949,DUKE ENERGY CORPORATION,DUKE ENERGY CORPORATION,1420000.00,2016-10-19T16:15:28.067000-04:00,2016
684e88bd-4af2-46ce-9d00-48cef33f82c3,"CAPITOL CITY GROUP, LTD.",AMERESCO,,2016-10-20T10:58:58.657000-04:00,2016
32e32d23-2c9c-4861-8142-766dd8a8270d,AMERICAN PUBLIC POWER ASSOCIATION,AMERICAN PUBLIC POWER ASSOCIATION,159014.00,2016-10-20T13:28:29.023000-04:00,2016
6b04951d-0007-46f4-9e56-7cbdb5e097e6,"XCEL ENERGY, INC",XCEL ENERGY INC,330000.00,2016-10-20T13:38:07.627000-04:00,2016
54425cf8-b87d-4073-916b-8e4f69a14cff,EARTHJUSTICE,EARTHJUSTICE,79453.00,2016-10-20T15:09:45.487000-04:00,2016
f57813a3-9eef-4f64-9ccf-f9661d2d66d4,PUBLIC SERVICE ENTERPRISE GROUP,PUBLIC SERVICE ENTERPRISE GROUP,290000.00,2016-10-20T17:45:41.750000-04:00,2016
1374ce51-d285-48d0-b11b-6d036cd62267,"MEGGITT-USA, INC.","MEGGITT-USA, INC.",200000.00,2016-10-26T16:45:30.250000-04:00,2016
05de8d3c-c610-4cf2-b694-b897f47a7523,BERKSHIRE HATHAWAY ENERGY (FORMERLY MIDAMERICAN ENERGY HOLDINGS COMPANY),BERKSHIRE HATHAWAY ENERGY (FORMERLY MIDAMERICAN ENERGY HOLDINGS COMPANY),240000.00,2016-11-14T13:19:50.670000-05:00,2016
7e78e67b-471f-453b-a486-9057e5035dc9,BERKSHIRE HATHAWAY ENERGY (FORMERLY MIDAMERICAN ENERGY HOLDINGS COMPANY),BERKSHIRE HATHAWAY ENERGY (FORMERLY MIDAMERICAN ENERGY HOLDINGS COMPANY),190000.00,2016-11-14T13:27:54.007000-05:00,2016
9b51d873-a908-443e-a8f9-12e05d52e37e,BERKSHIRE HATHAWAY ENERGY (FORMERLY MIDAMERICAN ENERGY HOLDINGS COMPANY),BERKSHIRE HATHAWAY ENERGY (FORMERLY MIDAMERICAN ENERGY HOLDINGS COMPANY),340000.00,2016-11-15T09:34:37.343000-05:00,2016
defd67f7-f67a-45d4-a713-c1c9b929675a,"MORGAN MEGUIRE, LLC",TENNESSEE VALLEY PUBLIC POWER ASSOCIATION,,2016-12-07T12:32:50.253000-05:00,2016
8561fe0e-cb6f-40bc-ba30-50fcdda1dbfb,BERKSHIRE HATHAWAY ENERGY (FORMERLY MIDAMERICAN ENERGY HOLDINGS COMPANY),BERKSHIRE HATHAWAY ENERGY (FORMERLY MIDAMERICAN ENERGY HOLDINGS COMPANY),410000.00,2016-12-21T15:36:51.737000-05:00,2015
e6ddeaee-4507-4e7f-af40-b83ddd26840d,"MORGAN MEGUIRE, LLC",TENNESSEE VALLEY PUBLIC POWER ASSOCIATION,,2016-12-23T11:04:46.403000-05:00,2016
1e52c9a1-de3c-4dd6-8df6-3ed55f372905,BERKSHIRE HATHAWAY ENERGY (FORMERLY MIDAMERICAN ENERGY HOLDINGS COMPANY),BERKSHIRE HATHAWAY ENERGY (FORMERLY MIDAMERICAN ENERGY HOLDINGS COMPANY),240000.00,2017-01-05T13:15:27-05:00,2016
bcc0531e-2e7a-4d07-b32d-9620e1c3b423,BERKSHIRE HATHAWAY ENERGY (FORMERLY MIDAMERICAN ENERGY HOLDINGS COMPANY),BERKSHIRE HATHAWAY ENERGY (FORMERLY MIDAMERICAN ENERGY HOLDINGS COMPANY),190000.00,2017-01-05T13:19:39-05:00,2016
fb8cd667-2c71-4a1e-b549-38e843bdea87,"ALLETE, INC",ALLETE INC,51000.00,2017-01-09T16:01:04-05:00,2016
b7760d68-cd7a-4b16-9c7f-a94e28c84793,CALIFORNIA ASSOCIATION OF REALTORS,CALIFORNIA ASSOCIATION OF REALTORS,25342.00,2017-01-12T18:25:45-05:00,2016
90943f92-7d35-423a-8518-ef9efeee44e4,PORTLAND GENERAL ELECTRIC,PORTLAND GENERAL ELECTRIC,70000.00,2017-01-16T18:49:02-05:00,2016
2404cb85-2c32-4184-a792-86af16b3c674,DUKE ENERGY CORPORATION,DUKE ENERGY CORPORATION,1420000.00,2017-01-18T13:25:09-05:00,2016
01158a28-e6f6-4b14-bdc9-51db941470e2,CMS ENERGY CORP,CMS ENERGY CORP,330000.00,2017-01-18T13:50:03-05:00,2016
52a0c35c-8ffb-47b2-afa1-3d6ae9f47619,AMERICAN GAS ASSOCIATION,AMERICAN GAS ASSOCIATION,210000.00,2017-01-19T10:55:55-05:00,2016
78d26f39-6f23-4295-bd6a-fd435d0daf99,SC PARTNERS LLC,SOLAR ENERGY INDUSTRIES ASSOCIATION,,2017-01-19T13:52:22-05:00,2016
6a502d9c-19ff-447d-a82e-df9b19ebf302,SC PARTNERS LLC,"FIRST SOLAR, INC.",,2017-01-19T13:53:58-05:00,2016
e7c6c5aa-6727-4b7e-9e12-be66a166b506,AMERESCO,AMERESCO,70000.00,2017-01-19T17:08:56-05:00,2016
131b4cb5-d73d-4fce-bdea-68e06b8b510e,EARTHJUSTICE,EARTHJUSTICE,77176.00,2017-01-19T18:27:29-05:00,2016
bfa4ad24-3ecc-4076-9627-4b47f7c496e6,"TENNESSEE VALLEY PUBLIC POWER ASSOCIATION, INC. (TVPPA)",TENNESSEE VALLEY PUBLIC POWER ASSOCIATION INC (TVPPA),20000.00,2017-01-20T16:11:21-05:00,2016
7d5aeba4-730a-4ad9-b032-af5aa26c2304,"ALPINE GROUP PARTNERS, LLC.",NRG ENERGY INC,,2017-01-20T23:48:16-05:00,2016
7a403da3-a1ee-4c1b-8112-f628e7834416,"CAPITOL CITY GROUP, LTD.",AMERESCO,,2017-01-24T14:32:08.887000-05:00,2016
22ff643c-6dd7-4eb7-b404-4a2bf49a2a8e,"ALPINE GROUP PARTNERS, LLC.",NRG ENERGY INC,,2017-01-25T11:43:42.520000-05:00,2016
f0887798-34f9-49d4-9f2a-1c44057eaccd,"MEGGITT-USA, INC.","MEGGITT-USA, INC.",200000.00,2017-01-27T08:28:39.737000-05:00,2016
17cf11af-cd41-42ae-99c2-fa2086db7604,BERKSHIRE HATHAWAY ENERGY (FORMERLY MIDAMERICAN ENERGY HOLDINGS COMPANY),BERKSHIRE HATHAWAY ENERGY (FORMERLY MIDAMERICAN ENERGY HOLDINGS COMPANY),410000.00,2017-01-27T17:22:37.057000-05:00,2016
d0f19a6e-ace7-4af2-8d4a-04a6ff0b327f,BERKSHIRE HATHAWAY ENERGY (FORMERLY MIDAMERICAN ENERGY HOLDINGS COMPANY),BERKSHIRE HATHAWAY ENERGY (FORMERLY MIDAMERICAN ENERGY HOLDINGS COMPANY),340000.00,2017-03-15T12:07:03.373000-04:00,2016
9831eb2a-a349-4510-8171-1c9b0157f8bf,"ALLETE, INC",ALLETE INC,48000.00,2017-04-10T10:23:55.360000-04:00,2017
7a5ce102-69e4-42ac-a081-e6d82c9d8966,"JIM MASSIE & PARTNERS, LLC","NRG ENERGY, INC.",,2017-04-19T14:24:24.687000-04:00,2017
a14d600a-9c19-4ff3-9ea7-c8afded28d84,AMERESCO,AMERESCO,130000.00,2017-04-19T16:20:57.513000-04:00,2017
62bf4d0d-7e8f-434b-9ec4-6c8502cac7a5,GREEN CAPITOL LLC,DISTRIBUTED WIND ENERGY ASSOCIATION,,2017-04-19T17:28:20.740000-04:00,2017
b4b7f313-e933-46ca-88f3-69448678053c,"CAPITOL CITY GROUP, LTD.",AMERESCO,,2017-04-21T13:21:06.613000-04:00,2017
7c098bb4-6b21-4a03-9c3a-146a85af98d5,"ALLETE, INC",ALLETE INC,47000.00,2017-07-06T17:17:22.470000-04:00,2017
6e58db60-8568-4d64-a735-f13179452488,GREEN CAPITOL LLC,DISTRIBUTED WIND ENERGY ASSOCIATION,,2017-07-15T10:48:27.640000-04:00,2017
45413eaf-cb92-478b-a3c0-8bafd4ca2f0f,GREEN CAPITOL LLC,DISTRIBUTED WIND ENERGY ASSOCIATION,,2017-07-15T10:53:29.843000-04:00,2017
d8fba0b3-e1b3-481a-b956-688afa537f09,"JIM MASSIE & PARTNERS, LLC","NRG ENERGY, INC.",,2017-07-19T15:05:47.887000-04:00,2017
70a2358b-1ada-493f-8f66-3a60db4667b4,OREGON FARM BUREAU FEDERATION,OREGON FARM BUREAU FEDERATION,16500.00,2017-07-19T15:06:53.823000-04:00,2017
d51b94b3-9626-4148-82c1-7964686cad86,AMERESCO,AMERESCO,90000.00,2017-07-20T10:59:58.367000-04:00,2017
c64b14c6-c229-4296-a63e-47678a4b5694,"ALLETE, INC",ALLETE INC,56000.00,2017-10-05T17:01:49.183000-04:00,2017
79b680e8-cdd3-49a6-8a7f-c595f6ff9032,GREEN CAPITOL LLC,DISTRIBUTED WIND ENERGY ASSOCIATION,,2017-10-17T17:14:08.140000-04:00,2017
3a2200b8-31f8-4600-a9d3-93ae415cb1c8,"WHITMER & WORRALL, LLC",BYD MOTORS INC.,,2017-10-18T10:14:15.377000-04:00,2017
0ebed448-7bc1-45db-bfec-9167d67674a5,"RECURRENT ENERGY, LLC","RECURRENT ENERGY, LLC",110000.00,2017-10-19T15:32:17.950000-04:00,2017
bde3bc0c-bc6e-4fc3-8c8f-4fd26d22df00,"JIM MASSIE & PARTNERS, LLC","NRG ENERGY, INC.",,2017-10-19T17:13:53.777000-04:00,2017
ea75d035-6c2c-4f5d-88c2-fca31f417214,AMERESCO,AMERESCO,100000.00,2017-10-20T11:20:42.213000-04:00,2017
92db3e3e-325c-46ea-99b2-d5d108184eb8,"ALLETE, INC",ALLETE INC,47000.00,2018-01-08T15:49:02.103000-05:00,2017
92db3e3e-325c-46ea-99b2-d5d108184eb8,"ALLETE, INC",ALLETE INC,47000.00,2018-01-08T15:49:02.103000-05:00,2017
da4ca5e9-076a-4375-9dba-43055ea052c7,"WHITMER & WORRALL, LLC",BYD MOTORS INC.,,2018-01-18T14:43:02.803000-05:00,2017
fec64814-9fac-4de7-b684-6c4e4bb0cf32,AMERESCO,AMERESCO,110000.00,2018-01-21T19:11:30.707000-05:00,2017
d60e67c2-dd65-4aba-922d-fd290d39f7d5,"JIM MASSIE & PARTNERS, LLC","NRG ENERGY, INC.",,2018-01-22T10:10:36.787000-05:00,2017
ebededb2-ef66-4996-8d21-158c5277b873,"CAPITOL CITY GROUP, LTD.",AMERESCO,,2018-01-22T10:28:27.187000-05:00,2017
5f17219e-7ed9-4270-9e62-26d3c39294a8,GREEN CAPITOL LLC,DISTRIBUTED WIND ENERGY ASSOCIATION,,2018-01-25T19:12:48.280000-05:00,2017
11dea462-17d9-45f1-b160-8c7ad35fb11f,GREEN CAPITOL LLC,DISTRIBUTED WIND ENERGY ASSOCIATION,,2018-01-29T09:20:18.127000-05:00,2017
e4553742-fafc-4565-baf7-e05072fe98da,"ALLETE, INC",ALLETE INC,48000.00,2018-04-12T10:06:47.133000-04:00,2018
a88a349f-01bc-4fca-84b1-751deb0d906d,"WHITMER & WORRALL, LLC",BYD MOTORS INC.,,2018-04-18T15:25:18.213000-04:00,2018
27333dcf-809b-49fc-8d8d-8ab9f2124925,GREEN CAPITOL LLC,DISTRIBUTED WIND ENERGY ASSOCIATION,,2018-04-19T10:12:36.280000-04:00,2018
11bee2f9-7e0a-46b3-8e5e-a2817d9ed360,"JIM MASSIE & PARTNERS, LLC","NRG ENERGY, INC.",,2018-04-20T11:19:13.180000-04:00,2018
70c8a041-73e0-4637-b9e5-8e21922d3594,"ALLETE, INC",ALLETE INC,50000.00,2018-07-12T14:32:12.590000-04:00,2018
bc7c9fad-9272-445d-8f95-35b613462d41,"WHITMER & WORRALL, LLC",BYD MOTORS INC.,,2018-07-18T11:31:10.417000-04:00,2018
db2063ae-e0bc-4ed9-85a1-fb0fc6809604,"JIM MASSIE & PARTNERS, LLC","NRG ENERGY, INC.",,2018-07-19T17:34:47.853000-04:00,2018
59a22938-c598-46cd-8114-7d7987646840,CALPINE CORPORATION,CALPINE CORPORATION,630000.00,2018-07-20T16:29:38.720000-04:00,2018
73972d36-01fd-4eb2-9a91-0119f6bba37d,SOLARCITY,SOLARCITY,140000.00,2018-08-15T11:42:15.393000-04:00,2015
8a549476-6e42-411d-b041-2238ff7da90e,"ALLETE, INC",ALLETE INC,50000.00,2018-10-01T15:08:35.123000-04:00,2018
8a549476-6e42-411d-b041-2238ff7da90e,"ALLETE, INC",ALLETE INC,50000.00,2018-10-01T15:08:35.123000-04:00,2018
ecdf77e8-3a28-46a3-a22a-bea25a13196c,"WHITMER & WORRALL, LLC",BYD MOTORS INC.,,2018-10-15T16:05:39.237000-04:00,2018
694e4bbd-6cc5-435a-9fce-8d5ee791ea4d,"JIM MASSIE & PARTNERS, LLC","NRG ENERGY, INC.",,2018-10-19T11:26:45.597000-04:00,2018
deb26265-ea49-40bc-b845-011c07b4930a,SOLAR ENERGY INDUSTRIES ASSOCIATION,SOLAR ENERGY INDUSTRIES ASSOCIATION,230000.00,2018-10-19T17:21:27.937000-04:00,2018
503a54d5-e67b-42a2-a3e3-25509a84f666,LOT SIXTEEN LLC,CLEARWAY ENERGY GROUP,,2018-10-22T15:02:33.190000-04:00,2018
a539a00b-c4a2-46d2-b1ad-72bf9664784e,CALPINE CORPORATION,CALPINE CORPORATION,530000.00,2018-10-22T16:50:11.500000-04:00,2018
2b9b3fb3-be90-4acb-97ef-c21106985d68,"BOYAGIAN CONSULTING, LLC",EIGUREN ELLIS PUBLIC POLICY ON BEHALF OF GREENBRIAR CAPITOL CORP,,2018-10-23T14:56:40.803000-04:00,2018
1afcff5f-a7ad-4e5d-8c94-d7ff02d5a36d,S-3 GROUP,REC AMERICAS LLC,,2018-10-29T11:04:13.020000-04:00,2018
8767890a-d96d-44c6-a6e0-6c433bd09baf,"BOYAGIAN CONSULTING, LLC",EIGUREN ELLIS PUBLIC POLICY ON BEHALF OF GREENBRIAR CAPITOL CORP,,2019-01-10T09:45:30.610000-05:00,2018
e8936a5f-b4ac-4f43-a3bc-a4918f35e067,BUSINESS COUNCIL FOR SUSTAINABLE ENERGY,BUSINESS COUNCIL FOR SUSTAINABLE ENERGY,30000.00,2019-01-18T10:52:05.053000-05:00,2018
9fd75fb1-f728-4e6b-93d7-136464da3095,"JIM MASSIE & PARTNERS, LLC","NRG ENERGY, INC.",,2019-01-18T13:52:11.163000-05:00,2018
301cdc79-df8d-4120-840f-7b4d7316c9d3,"CAPITOL CITY GROUP, LTD.",AMERESCO,,2019-01-22T14:49:05.677000-05:00,2018
fa4c2c82-c60e-425b-9edc-2d93d1afdbef,SOLAR ENERGY INDUSTRIES ASSOCIATION,SOLAR ENERGY INDUSTRIES ASSOCIATION,220000.00,2019-01-22T15:36:16.487000-05:00,2018
6afbdf3c-b6a5-4c57-8dd6-d62179c72652,CALPINE CORPORATION,CALPINE CORPORATION,670000.00,2019-01-22T16:26:08.257000-05:00,2018
71d40758-72b5-445d-be55-c480d57e0a7d,S-3 GROUP,REC AMERICAS LLC,,2019-01-22T17:05:23.777000-05:00,2018
623a40dc-04fa-4a8a-adeb-bf99058518a3,"JIM MASSIE & PARTNERS, LLC","NRG ENERGY, INC.",,2019-04-18T09:29:16.447000-04:00,2019
7c18a6be-20c8-4d7e-9bf5-59a42a6eb6a7,BUSINESS COUNCIL FOR SUSTAINABLE ENERGY,BUSINESS COUNCIL FOR SUSTAINABLE ENERGY,40000.00,2019-04-22T11:51:12.093000-04:00,2019
8fec6bec-1609-418e-9f92-a68054d0fadb,CALPINE CORPORATION,CALPINE CORPORATION,620000.00,2019-04-22T15:53:39.730000-04:00,2019
767d9fa1-e568-4c86-b172-ea87fa7b1eb9,"SMITH CONSULTING GROUP, INC.","ASCENT SOLAR TECHNOLOGIES, INC.",,2019-05-01T12:06:40.817000-04:00,2019
1f4f9a30-638f-41b7-8665-83b7562da4f3,"CAPITOL ADVOCACY & GOVERNMENT AFFAIRS, LLC","NEXUS TECHNOLOGIES, INC",,2019-05-22T15:17:53.503000-04:00,2019
164a7bc1-2354-40c9-b12e-80496ee4e8cc,MR. AARON OESTERLE,NATIONAL SPACE SOCIETY,,2019-07-03T09:27:58.843000-04:00,2019
24110095-da30-4035-a57a-1583dcb1a8c0,"SMITH CONSULTING GROUP, INC.","ASCENT SOLAR TECHNOLOGIES, INC.",,2019-07-19T10:22:17.707000-04:00,2019
e61fb22e-a601-4e6a-8c3b-df3584ab5c39,"CAPITOL ADVOCACY & GOVERNMENT AFFAIRS, LLC","NEXUS TECHNOLOGIES, INC",,2019-07-20T13:33:55.843000-04:00,2019
e61fb22e-a601-4e6a-8c3b-df3584ab5c39,"CAPITOL ADVOCACY & GOVERNMENT AFFAIRS, LLC","NEXUS TECHNOLOGIES, INC",,2019-07-20T13:33:55.843000-04:00,2019
ade8943d-19ad-484e-ab82-1fc5d46f5e21,CALPINE CORPORATION,CALPINE CORPORATION,790000.00,2019-07-22T22:31:22.227000-04:00,2019
6cebb056-0a76-4ed6-803f-2bbbff97f5e6,"CAPITOL ADVOCACY & GOVERNMENT AFFAIRS, LLC","NEXUS TECHNOLOGIES, INC",,2019-10-07T12:46:28.483000-04:00,2019
aaab0a5f-43a6-46a2-bc75-8a0585d32d56,PORTLAND GENERAL ELECTRIC,PORTLAND GENERAL ELECTRIC,70000.00,2019-10-18T18:17:03.310000-04:00,2019
b0ff6c5a-528d-47fd-aed1-0a7a605935b6,MR. BRIAN GLACKIN,"CAPITOL ADVOCACY & GOVERNMENT AFFAIRS OBO NEXUS TECHNOLOGIES, INC.",,2019-10-21T15:44:45.990000-04:00,2019
8963044e-32a2-4b2a-8586-36de4640add3,CHAMBER OF COMMERCE OF THE U.S.A.,CHAMBER OF COMMERCE OF THE U.S.A.,12260000.00,2019-10-21T16:50:52.987000-04:00,2019
f651e0d3-1114-4e5e-a945-34ec643f4172,CALPINE CORPORATION,CALPINE CORPORATION,1360000.00,2019-10-21T17:13:42.817000-04:00,2019
38cb677d-4c69-4f1a-9d51-7db9c6f94b2a,"SMITH CONSULTING GROUP, INC.","ASCENT SOLAR TECHNOLOGIES, INC.",,2019-11-06T14:36:17.747000-05:00,2019
a65efb04-2922-4001-b009-16bca6467d55,MR. AARON OESTERLE,NATIONAL SPACE SOCIETY,,2019-11-17T10:53:57.427000-05:00,2019
c703cd1f-0b86-4530-97ba-db7f3d291b17,MR. BRIAN GLACKIN,"CAPITOL ADVOCACY & GOVERNMENT AFFAIRS OBO NEXUS TECHNOLOGIES, INC.",,2020-01-06T11:17:48.957000-05:00,2019
30ba51bd-2744-46f4-a368-b60bfc23d3e3,"CAPITOL ADVOCACY & GOVERNMENT AFFAIRS, LLC","NEXUS TECHNOLOGIES, INC",,2020-01-08T17:04:33.177000-05:00,2019
aacc4edb-dd01-4adf-8600-bdd0441baad9,EARTHJUSTICE,EARTHJUSTICE,146340.81,2020-01-21T11:14:21.003000-05:00,2019
0e559e5f-6eed-4974-8239-7a5a41d856b9,CHAMBER OF COMMERCE OF THE U.S.A.,CHAMBER OF COMMERCE OF THE U.S.A.,16900000.00,2020-01-21T12:55:17.440000-05:00,2019
c9dd6df2-d09f-42f7-a34b-253870de1240,NATIONAL RURAL ELECTRIC COOPERATIVE ASSOCIATION (NRECA),NATIONAL RURAL ELECTRIC COOPERATIVE ASSOCIATION (NRECA),590000.00,2020-01-21T15:21:25.050000-05:00,2019
840dcc08-f894-4d8e-a90d-8f7b5be580cd,CALPINE CORPORATION,CALPINE CORPORATION,3050000.00,2020-01-21T16:17:23.837000-05:00,2019
a38dd6e6-fbd8-419e-a9de-018df678b86b,"SMITH CONSULTING GROUP, INC.","ASCENT SOLAR TECHNOLOGIES, INC.",,2020-02-23T14:31:56.677000-05:00,2019
58602f8d-21d4-4e8e-98ba-9ce9b375d82e,MR. AARON OESTERLE,NATIONAL SPACE SOCIETY,,2020-02-24T09:43:42.307000-05:00,2019
de431dfe-bd8a-479e-8ea0-ba41033d6555,"SMITH CONSULTING GROUP, INC.","ASCENT SOLAR TECHNOLOGIES, INC.",,2020-04-10T12:29:28.580000-04:00,2019
72f3c9e0-bf06-4958-a5a1-da5fe36c804d,"SMITH CONSULTING GROUP, INC.","ASCENT SOLAR TECHNOLOGIES, INC.",,2020-04-10T12:53:36.883000-04:00,2020
ed3e1c91-6a12-4bdf-b314-cb8b7d6eaac9,MR. BRIAN GLACKIN,"CAPITOL ADVOCACY & GOVERNMENT AFFAIRS OBO NEXUS TECHNOLOGIES, INC.",,2020-04-10T13:30:04.253000-04:00,2020
f2788510-c741-4a4b-8928-fd487da9bb72,CALPINE CORPORATION,CALPINE CORPORATION,610000.00,2020-04-17T16:19:48.097000-04:00,2020
cea94b51-817b-4304-a87d-d75283419a7e,VAN SCOYOC ASSOCIATES,DESERT RESEARCH INSTITUTE,,2020-04-20T07:02:45.533000-04:00,2020
68c98b55-4581-42c8-b0bb-f44cc3121f40,RYAN COSTELLO STRATEGIES,CALPINE CORPORATION,,2020-04-20T10:29:39.357000-04:00,2020
05bbe380-ef4a-4424-91ab-4aac3502578d,CHAMBER OF COMMERCE OF THE U.S.A.,CHAMBER OF COMMERCE OF THE U.S.A.,15770000.00,2020-04-20T11:21:42.040000-04:00,2020
91c4f557-1467-4cd1-a90d-e2bdc94292cd,"CAPITOL ADVOCACY & GOVERNMENT AFFAIRS, LLC","NEXUS TECHNOLOGIES, INC",,2020-04-20T12:45:02.440000-04:00,2020
1f12d5d4-33a5-4639-a8d5-c08991f0e78a,NATIONAL RURAL ELECTRIC COOPERATIVE ASSOCIATION (NRECA),NATIONAL RURAL ELECTRIC COOPERATIVE ASSOCIATION (NRECA),540000.00,2020-04-20T17:55:18.697000-04:00,2020
b63115b4-ea4c-40ee-b9d8-601ef04b73fe,BIPARTISAN POLICY CENTER ACTION,BIPARTISAN POLICY CENTER ACTION,440000.00,2020-04-20T18:16:12.237000-04:00,2020
960182ab-756f-4db5-bb4f-02a751cd2de4,NATIONAL GRID USA,NATIONAL GRID USA,480000.00,2020-04-20T18:20:32.767000-04:00,2020
35c7ae89-78c4-4840-8904-1d40390ffa78,MR. AARON OESTERLE,NATIONAL SPACE SOCIETY,,2020-05-05T17:41:38.307000-04:00,2020
6cc6ac53-024e-43d8-96d9-f910db7cb98c,MR. AARON OESTERLE,NATIONAL SPACE SOCIETY,,2020-06-15T20:49:07.010000-04:00,2020
4da4266c-deb1-4966-85f2-387c0f3dae01,MR. AARON OESTERLE,NATIONAL SPACE SOCIETY,,2020-07-02T19:01:38.813000-04:00,2020
6598012e-b7f6-4f68-801c-2f3d345f5db7,"SMITH CONSULTING GROUP, INC.","ASCENT SOLAR TECHNOLOGIES, INC.",,2020-07-03T10:44:02.270000-04:00,2020
c1d8a6f6-57f5-4c39-99fc-38f93365b30d,"ML STRATEGIES, LLC",BABCOCK & WILCOX COMPANY,,2011-10-18T09:24:26.027000-04:00,2011
84ade2a3-5b77-458e-8571-e7471ab0c272,CALPINE CORPORATION,CALPINE CORPORATION,850000.00,2020-07-07T14:32:04.840000-04:00,2020
afa55e02-17b0-4fdb-808b-11aad564ad01,MR. BRIAN GLACKIN,"CAPITOL ADVOCACY & GOVERNMENT AFFAIRS OBO NEXUS TECHNOLOGIES, INC.",,2020-07-07T14:59:32.467000-04:00,2020
be121d38-47c2-496b-a688-bcd8b186a127,"CAPITOL ADVOCACY & GOVERNMENT AFFAIRS, LLC","NEXUS TECHNOLOGIES, INC",,2020-07-08T11:48:31.070000-04:00,2020
7c175064-11e0-476a-b432-eaf168c7423f,"ENEL NORTH AMERICA, INC. AND ITS AFFILIATES",ENEL NORTH AMERICA INC AND ITS AFFILIATES,50000.00,2020-07-16T13:01:05.663000-04:00,2020
8d8ebb70-1839-4e98-8cd9-da00c177930c,"CITIZENS FOR RESPONSIBLE ENERGY SOLUTIONS, INC.","CITIZENS FOR RESPONSIBLE ENERGY SOLUTIONS, INC.",330000.00,2020-07-17T11:51:16.253000-04:00,2020
a942fe57-b596-48c1-aaef-f946a8d3f460,RYAN COSTELLO STRATEGIES,CALPINE CORPORATION,,2020-07-17T13:40:18.640000-04:00,2020
fd307f48-e412-435e-abff-b28a7551c43f,VAN SCOYOC ASSOCIATES,DESERT RESEARCH INSTITUTE,,2020-07-20T06:28:01.267000-04:00,2020
0cfa2653-5763-4cba-a333-b43a5f08dd6a,LAW OFFICES OF KEVIN G. CURTIN,ZENITH ELECTRONICS CORP,,2020-07-20T10:28:14.540000-04:00,2020
53c68675-a605-4826-8fd1-fedb6d829cfb,S-3 GROUP,REC AMERICAS LLC,,2020-07-20T10:35:47.030000-04:00,2018
c22d39f2-ce06-48bb-acba-8982ffa4eef1,CALPINE CORPORATION,CALPINE CORPORATION,430000.00,2020-07-20T11:12:50.123000-04:00,2020
80be1437-4a91-4551-a52a-f8f2973b7435,SC PARTNERS LLC,PATTERN ENERGY GROUP LP,,2020-07-20T11:48:37.783000-04:00,2020
522eb72b-1808-4385-b653-2be364c9ab98,"CASSIDY & ASSOCIATES, INC.","ORMAT NEVADA, INC.",,2020-07-20T16:28:33.573000-04:00,2020
a0ac8c96-24e6-47a8-a666-2906d64a8d56,CHAMBER OF COMMERCE OF THE U.S.A.,CHAMBER OF COMMERCE OF THE U.S.A.,12300000.00,2020-07-20T17:52:19.923000-04:00,2020
470a0259-e991-4f07-b475-f1ba231454e0,NATIONAL GRID USA,NATIONAL GRID USA,480000.00,2020-07-20T20:41:43.490000-04:00,2020
8bd436b5-8b64-4ef6-87c3-98d25b145ead,BIPARTISAN POLICY CENTER ACTION,BIPARTISAN POLICY CENTER ACTION,510000.00,2020-07-21T10:17:50.120000-04:00,2020
3cedb662-db20-40a0-80f8-e6c4ce90f721,MR. BRIAN GLACKIN,"CAPITOL ADVOCACY & GOVERNMENT AFFAIRS OBO NEXUS TECHNOLOGIES, INC.",,2020-10-06T15:58:37.557000-04:00,2020
473b7ddc-89e2-47ef-bfee-c41b8f70c4e5,"CAPITOL ADVOCACY & GOVERNMENT AFFAIRS, LLC","NEXUS TECHNOLOGIES, INC",,2020-10-07T15:00:48.843000-04:00,2020
95118127-acfd-4a43-a4b5-8e413fa9a03e,RYAN COSTELLO STRATEGIES,CALPINE CORPORATION,,2020-10-18T06:53:07.470000-04:00,2020
3a0fc301-3306-46f9-8aa8-f29197c7c48a,SC PARTNERS LLC,PATTERN ENERGY GROUP LP,,2020-10-19T11:26:39.120000-04:00,2020
527f9094-7a0d-4777-a15a-d36188219611,SC PARTNERS LLC,EDP RENEWABLES NORTH AMERICA LLC,,2020-10-19T11:12:03.367000-04:00,2020
041aff6a-2a70-4875-8ec7-ac2fdd985617,"ENEL NORTH AMERICA, INC. AND ITS AFFILIATES",ENEL NORTH AMERICA INC AND ITS AFFILIATES,30000.00,2020-10-19T12:36:49.567000-04:00,2020
f310a316-2c60-49b7-a29e-abf27cbe2ce8,CALPINE CORPORATION,CALPINE CORPORATION,520000.00,2020-10-19T16:33:04.003000-04:00,2020
60a5a520-fc01-4610-ad7e-b20a2217ccba,BIPARTISAN POLICY CENTER ACTION,BIPARTISAN POLICY CENTER ACTION,510000.00,2020-10-19T16:51:08.430000-04:00,2020
cf72f2d5-57cf-40c6-b840-d7724dd7a80a,VAN SCOYOC ASSOCIATES,DESERT RESEARCH INSTITUTE,,2020-10-20T07:11:55.907000-04:00,2020
1ca9905a-cefd-42ec-aca7-8e897a69f7eb,CHAMBER OF COMMERCE OF THE U.S.A.,CHAMBER OF COMMERCE OF THE U.S.A.,20000000.00,2020-10-20T10:48:23.463000-04:00,2020
f3499525-5ced-4f27-8e2a-3c5eb7903e38,NATIONAL OCEAN INDUSTRIES ASSOCIATION,NATIONAL OCEAN INDUSTRIES ASSOCIATION,70000.00,2020-10-20T11:53:20.137000-04:00,2020
8d9883f7-d009-428e-bc31-54adaf0cc15f,"CASSIDY & ASSOCIATES, INC.","ORMAT NEVADA, INC.",,2020-10-20T14:08:46.503000-04:00,2020
effc4915-4185-40e3-bf77-b728186dd7d4,INTERNATIONAL UNION OF OPERATING ENGINEERS,INTERNATIONAL UNION OF OPERATING ENGINEERS,140000.00,2020-10-20T16:17:22.100000-04:00,2020
79b56d76-e3ab-4ea4-b355-de045b8ccf94,"KEARNEY, DONOVAN & MCGEE",NATIONAL GRID,,2020-10-20T17:05:52.857000-04:00,2020
0aad6fb1-37ac-4cfe-8448-fdcf5ff18f74,LAW OFFICES OF KEVIN G. CURTIN,ZENITH ELECTRONICS CORP,,2020-10-20T17:35:17.260000-04:00,2020
d7b82100-6594-4a9d-bc80-fce04c5ff1cd,NATIONAL GRID USA,NATIONAL GRID USA,480000.00,2020-10-20T19:06:01.520000-04:00,2020
e917bb04-c142-4f4e-bf15-327fba80062f,CHAMBER OF COMMERCE OF THE U.S.A.,CHAMBER OF COMMERCE OF THE U.S.A.,20000000.00,2020-10-22T13:45:09.227000-04:00,2020
4d8ba633-8fe8-4392-b6d5-aa6ede09c817,"SMITH CONSULTING GROUP, INC.","ASCENT SOLAR TECHNOLOGIES, INC.",,2020-11-18T14:40:38.103000-05:00,2020
c12e947c-4e71-418d-9b2f-8f915a6066df,NATIONAL OCEAN INDUSTRIES ASSOCIATION,NATIONAL OCEAN INDUSTRIES ASSOCIATION,70000.00,2020-12-09T10:30:44.847000-05:00,2020
3c183807-89a2-4a36-a251-741822c322bf,"CAPITOL ADVOCACY & GOVERNMENT AFFAIRS, LLC","NEXUS TECHNOLOGIES, INC",,2021-01-12T14:42:32.737000-05:00,2020
ee860513-432f-4905-9cc8-a4391c5dbe66,CALPINE CORPORATION,CALPINE CORPORATION,450000.00,2021-01-12T15:59:29.337000-05:00,2020
9d1c1424-4131-4f8d-b7e8-4b1099192f35,CALPINE CORPORATION,CALPINE CORPORATION,860000.00,2021-01-12T15:28:07.870000-05:00,2020
d40ae63d-3e7c-4763-a4b1-5f11614a8ee9,AMERICAN CLEAN POWER ASSOCIATION,AMERICAN CLEAN POWER ASSOCIATION,,2021-01-13T14:13:12-05:00,2021
23162333-9857-4c3d-b0e3-63e2887bbb5b,"ENEL NORTH AMERICA, INC. AND ITS AFFILIATES",ENEL NORTH AMERICA INC AND ITS AFFILIATES,30000.00,2021-01-14T12:21:38.110000-05:00,2020
a9cc7bef-b856-4ed0-8d94-7b05784fe350,"CASSIDY & ASSOCIATES, INC.","ORMAT NEVADA, INC.",,2021-01-14T17:09:20.127000-05:00,2020
f6e54a46-26c9-4096-b8a8-aa1ed05d0c95,CALPINE CORPORATION,CALPINE CORPORATION,700000.00,2021-01-14T18:23:34.760000-05:00,2020
86e21118-2fa1-4713-bb2d-fdf2dd8488e0,CALPINE CORPORATION,CALPINE CORPORATION,660000.00,2021-01-14T18:14:33.797000-05:00,2020
e443da72-26f3-4ed7-8555-dc42e4e6be86,RYAN COSTELLO STRATEGIES,CALPINE CORPORATION,,2021-01-18T13:44:08.127000-05:00,2020
76c749d1-07ec-4529-8a4a-0875aa1b7563,CHAMBER OF COMMERCE OF THE U.S.A.,CHAMBER OF COMMERCE OF THE U.S.A.,20000000.00,2021-01-19T09:51:32.747000-05:00,2020
74558802-7a9a-4aea-a06f-bc49514eaa46,CALPINE CORPORATION,CALPINE CORPORATION,650000.00,2021-01-19T11:28:56.823000-05:00,2020
a0e01f4c-3211-437c-8be3-a2af5a19c101,"CITIZENS FOR RESPONSIBLE ENERGY SOLUTIONS, INC.","CITIZENS FOR RESPONSIBLE ENERGY SOLUTIONS, INC.",470000.00,2021-01-19T12:46:32.563000-05:00,2020
83bdec5e-52e1-43f0-b12f-8dce741e46cc,INTERNATIONAL UNION OF OPERATING ENGINEERS,INTERNATIONAL UNION OF OPERATING ENGINEERS,120000.00,2021-01-19T13:04:08.647000-05:00,2020
cfd8de51-82bc-41c8-a4ea-a86684ffded7,"AVANGRID, INC.",AVANGRID INC,170000.00,2021-01-19T18:31:27.763000-05:00,2020
144b0360-c8e9-4e8a-a17e-5df16b8c461a,VAN SCOYOC ASSOCIATES,DESERT RESEARCH INSTITUTE,,2021-01-20T06:03:42.300000-05:00,2020
c6b0c97e-9e53-4821-9221-6910bb171e84,SC PARTNERS LLC,PATTERN ENERGY GROUP LP,,2021-01-20T09:28:27.360000-05:00,2020
647f124a-c79f-4e3f-9fa7-d977f1bf5376,SC PARTNERS LLC,EDP RENEWABLES NORTH AMERICA LLC,,2021-01-20T09:23:14.020000-05:00,2020
65154db7-5d8f-4618-bd1f-680a80a3039c,"KEARNEY, DONOVAN & MCGEE",NATIONAL GRID,,2021-01-20T13:00:57.197000-05:00,2020
388691c2-2e3b-4327-9b67-42247ffae736,LAW OFFICES OF KEVIN G. CURTIN,ZENITH ELECTRONICS CORP,,2021-01-20T14:40:23.657000-05:00,2020
e5dc5d9c-978c-4f5d-8fe2-f9998ca12832,"HITACHI ENERGY USA INC. F/K/A/ ABB ENTERPRISE SOFTWARE, INC.","HITACHI ENERGY USA INC. F/K/A/ ABB ENTERPRISE SOFTWARE, INC.",60000.00,2021-01-20T17:20:02.323000-05:00,2020
56951c37-2def-4f39-a8de-605d669867c8,BIPARTISAN POLICY CENTER ACTION,BIPARTISAN POLICY CENTER ACTION,580000.00,2021-01-20T22:41:50.690000-05:00,2020
eae8e923-702a-4c10-98c7-a2892009826e,CHAMBER OF COMMERCE OF THE U.S.A.,CHAMBER OF COMMERCE OF THE U.S.A.,22290000.00,2021-01-21T11:16:07.477000-05:00,2020
77cbb964-1b52-4ecb-ae8c-82dbf97550a6,BIPARTISAN POLICY CENTER ACTION,BIPARTISAN POLICY CENTER ACTION,580000.00,2021-01-21T13:55:06.963000-05:00,2020
83072818-d11b-4720-abaf-262a6daaec57,"INT'L. ASSOCIATION OF BRIDGE, STRUCTURAL, ORNAMENTAL & REINFORCING IRON WORKERS",INT'L ASSOCIATION OF BRIDGE STRUCTURAL ORNAMENTAL & REINFORCING IRON WORKERS,100000.00,2021-01-21T14:34:20.977000-05:00,2020
c2ace217-9641-435b-8fce-5f51771cf1aa,NATIONAL GRID USA,NATIONAL GRID USA,480000.00,2021-01-21T16:13:35.727000-05:00,2020
2f8b3233-fcf9-4c27-9ac4-6916f754bdbb,"SMITH CONSULTING GROUP, INC.","ASCENT SOLAR TECHNOLOGIES, INC.",,2021-02-04T08:41:37.977000-05:00,2020
2f8b3233-fcf9-4c27-9ac4-6916f754bdbb,"SMITH CONSULTING GROUP, INC.","ASCENT SOLAR TECHNOLOGIES, INC.",,2021-02-04T08:41:37.977000-05:00,2020
b07a373a-f651-4059-9ff3-4ef57a1cc306,NATIONAL OCEAN INDUSTRIES ASSOCIATION,NATIONAL OCEAN INDUSTRIES ASSOCIATION,70000.00,2021-02-23T10:36:25.180000-05:00,2020
402b3dd4-ac58-4fa4-ba8d-652b97ac785c,CALPINE CORPORATION,CALPINE CORPORATION,650000.00,2021-02-26T14:33:17.597000-05:00,2020
e53c4a74-3bbf-40af-b349-8c98329402d9,CALPINE CORPORATION,CALPINE CORPORATION,3150000.00,2021-03-02T13:07:30.733000-05:00,2019
7ded041d-843e-4e3a-ae4f-5ddc8abe25ee,CALPINE CORPORATION,CALPINE CORPORATION,850000.00,2021-03-02T13:12:31.877000-05:00,2020
8992a037-e50a-4b37-bc10-fce7d874541a,"CASSIDY & ASSOCIATES, INC.","ORMAT NEVADA, INC.",,2021-04-13T11:54:33.647000-04:00,2021
689b2b3a-787f-4705-93cf-6514659643bd,"ENEL NORTH AMERICA, INC. AND ITS AFFILIATES",ENEL NORTH AMERICA INC AND ITS AFFILIATES,70000.00,2021-04-14T12:36:55.897000-04:00,2021
7784b9cd-16fd-4953-b9fc-0c9b528f56d5,UNITED ASSN OF JOURNEYMEN & APPRENTICES OF THE PLUMBING & PIPEFITTING INDUSTRY,UNITED ASSN OF JOURNEYMEN & APPRENTICES OF THE PLUMBING & PIPEFITTING INDUSTRY,150000.00,2021-04-19T09:56:58.193000-04:00,2021
b27bc493-da6c-482d-8fa4-b0d6e19fab7f,SC PARTNERS LLC,EDP RENEWABLES NORTH AMERICA LLC,,2021-04-20T11:58:57.177000-04:00,2021
a3d542ee-aae5-48af-8c94-48a2c3338c7f,CHAMBER OF COMMERCE OF THE U.S.A.,CHAMBER OF COMMERCE OF THE U.S.A.,17190000.00,2021-04-20T12:58:11.307000-04:00,2021
ec22921d-25c7-41cc-9568-5ac261157d0f,SWINERTON BUILDERS,SWINERTON BUILDERS,260000.00,2021-04-20T17:39:48.737000-04:00,2021
c0a2d53f-17e4-4f8d-b5a5-541f2879126b,NATIONAL GRID USA,NATIONAL GRID USA,260000.00,2021-04-20T17:52:59.307000-04:00,2021
cb639e8c-88d4-4d98-93c0-656de4accc1c,AMERICAN PUBLIC POWER ASSOCIATION,AMERICAN PUBLIC POWER ASSOCIATION,260000.00,2021-04-20T21:21:09.990000-04:00,2021
f616a998-442b-452e-bafe-627a85d7a717,"TIM YEHL, LLC",PSEG SERVICES CORPORATION,,2021-06-07T22:21:52.803000-04:00,2021
b8800cb9-765b-481d-9fd4-919547c03ec8,"ENEL NORTH AMERICA, INC. AND ITS AFFILIATES",ENEL NORTH AMERICA INC AND ITS AFFILIATES,50000.00,2021-07-15T07:56:41.190000-04:00,2021
1a49f455-53a7-488b-beab-ad878fab7c71,"THE LIVINGSTON GROUP, LLC",RAVENSAFE LLC,,2021-07-16T12:03:33.190000-04:00,2021
489bca69-e331-4c53-857b-8398c3afb302,"CASSIDY & ASSOCIATES, INC.","ORMAT NEVADA, INC.",,2021-07-17T17:38:58.577000-04:00,2021
815af28c-19df-4403-a264-095d9b41867a,INTERNATIONAL UNION OF OPERATING ENGINEERS,INTERNATIONAL UNION OF OPERATING ENGINEERS,180000.00,2021-07-20T09:23:20.540000-04:00,2021
263f153a-24f3-496c-9936-8128023902fc,CHAMBER OF COMMERCE OF THE U.S.A.,CHAMBER OF COMMERCE OF THE U.S.A.,11640000.00,2021-07-20T11:28:11.863000-04:00,2021
235d9c23-9aa3-435b-958d-f1617ac28ffe,"INT'L. ASSOCIATION OF BRIDGE, STRUCTURAL, ORNAMENTAL & REINFORCING IRON WORKERS",INT'L ASSOCIATION OF BRIDGE STRUCTURAL ORNAMENTAL & REINFORCING IRON WORKERS,90000.00,2021-07-20T13:20:08.677000-04:00,2021
28963637-c0ca-4ba3-8e9e-f376c1faadf6,SC PARTNERS LLC,EDP RENEWABLES NORTH AMERICA LLC,,2021-07-20T16:05:29.020000-04:00,2021
11f6f593-63dd-4e02-a93c-380be87f2320,SOLAR ENERGY INDUSTRIES ASSOCIATION,SOLAR ENERGY INDUSTRIES ASSOCIATION,380000.00,2021-07-20T17:50:14.077000-04:00,2021
78acb293-37f9-4332-8adc-9df64135c385,NATIONAL GRID USA,NATIONAL GRID USA,140000.00,2021-07-20T18:26:25.247000-04:00,2021
55e90a0a-f05f-4847-b6c5-b77c0f4d324f,SWINERTON BUILDERS,SWINERTON BUILDERS,90000.00,2021-07-20T19:17:20.603000-04:00,2021
4a4669cb-f5b2-42cc-a740-617c82edf64c,AMERICAN PUBLIC POWER ASSOCIATION,AMERICAN PUBLIC POWER ASSOCIATION,310000.00,2021-07-20T20:09:45.483000-04:00,2021
32ac6d99-a205-4d92-820f-bfbdf9b5cf7d,"CAPITOL ADVOCACY & GOVERNMENT AFFAIRS, LLC",THE LIVINGSTON GROUP (ON BEHALF OF RAVENSAFE),,2021-07-26T15:25:37.353000-04:00,2021
926462c7-32a9-4b61-bd92-8a2fc78079fa,OREGON FARM BUREAU FEDERATION,OREGON FARM BUREAU FEDERATION,15000.00,2021-08-02T13:34:00.010000-04:00,2021
9abbe28e-b39b-4251-839c-611ac7513883,"TIM YEHL, LLC",PSEG SERVICES CORPORATION,,2021-09-03T16:26:01.220000-04:00,2021
2ff78b54-c7a1-4726-8faa-abd29683d4bb,"CAPITOL ADVOCACY & GOVERNMENT AFFAIRS, LLC",THE LIVINGSTON GROUP (ON BEHALF OF RAVENSAFE),,2021-10-12T15:55:00.510000-04:00,2021
ade4d467-12dd-4f68-810f-a11838a89201,BLACK HILLS CORPORATION,BLACK HILLS CORPORATION,10000.00,2021-10-15T10:45:32.150000-04:00,2021
7ed01ff5-9298-46d3-9d88-534417ffbdbd,INTERNATIONAL UNION OF OPERATING ENGINEERS,INTERNATIONAL UNION OF OPERATING ENGINEERS,200000.00,2021-10-19T14:37:47.877000-04:00,2021
5217db13-415b-42d9-b5ec-184974c6ae38,"THE LIVINGSTON GROUP, LLC",RAVENSAFE LLC,,2021-10-19T16:53:41.993000-04:00,2021
f3583ead-6e37-4d9b-8d32-2500c321813d,"ENEL NORTH AMERICA, INC. AND ITS AFFILIATES",ENEL NORTH AMERICA INC AND ITS AFFILIATES,40000.00,2021-10-20T09:10:26.357000-04:00,2021
6fea050c-a77d-4b65-9845-ceb2acc2774f,CMS ENERGY CORP,CMS ENERGY CORP,250000.00,2021-10-20T13:43:49.960000-04:00,2021
b4d0c1d4-4a3c-4f48-a674-647540079eee,"MISSY EDWARDS STRATEGIES, LLC",EDISON ELECTRIC INSTITUTE,,2021-10-20T14:37:41.887000-04:00,2021
cff17efd-1781-47c4-8b3e-2b30074791aa,EDISON ELECTRIC INSTITUTE,EDISON ELECTRIC INSTITUTE,2402746.00,2021-10-20T14:42:10.490000-04:00,2021
c249f41a-3f45-450e-835f-40d1c9daed8e,SC PARTNERS LLC,EDP RENEWABLES NORTH AMERICA LLC,,2021-10-20T14:43:15.017000-04:00,2021
4c4c2569-462e-4bb0-8361-075377094199,NATIONAL GRID USA,NATIONAL GRID USA,130000.00,2021-10-20T16:18:46.720000-04:00,2021
35604e65-b8e2-4adb-87eb-ee39ba6c4037,"XCEL ENERGY, INC",XCEL ENERGY INC,460000.00,2021-10-20T17:06:58.767000-04:00,2021
e1bf99ff-070f-4990-b338-4162d0128b22,SOUTHERN COMPANY,SOUTHERN COMPANY,2190000.00,2021-10-20T17:55:18.707000-04:00,2021
d2b096c0-d0a2-496e-8f35-836966801166,CHAMBER OF COMMERCE OF THE U.S.A.,CHAMBER OF COMMERCE OF THE U.S.A.,16360000.00,2021-10-20T18:21:16.270000-04:00,2021
2cf18e82-89d4-47c1-80a1-54121b9669eb,PORTLAND GENERAL ELECTRIC,PORTLAND GENERAL ELECTRIC,70000.00,2021-10-20T18:49:32.360000-04:00,2021
619253f4-d316-438e-9f00-aa3ef74d5a7f,"VAN HEUVELEN STRATEGIES, LLC",PORTLAND GENERAL ELECTRIC,,2021-10-20T23:40:56.367000-04:00,2021
080f6589-1b19-4951-9129-e13abea66391,NATIONAL GRID USA,NATIONAL GRID USA,140000.00,2021-10-28T16:25:17.447000-04:00,2021
5d68d552-c686-4d55-9d96-783076eea128,"TIM YEHL, LLC",PSEG SERVICES CORPORATION,,2021-11-24T16:25:01.973000-05:00,2021
3eb2c7c8-5821-4977-b4a4-9eee5b5891d7,FGS GLOBAL (US) LLC (FKA FGH HOLDINGS LLC),"POSIGEN SOLAR, LLC",,2021-12-09T09:17:53-05:00,2021
64b314b1-3f6b-494e-a5be-2608f79a0f24,"CASSIDY & ASSOCIATES, INC.","ORMAT NEVADA, INC.",,2021-12-28T11:42:36.053000-05:00,2020
